Store Name,Address,lat,lon
タイトーステーション札幌狸小路２丁目店,北海道札幌市中央区南３条西２丁目−１４,43.0572768,141.3554876
ＧｉＧＯすすきの,北海道札幌市中央区南３条西４丁目１ー１,43.0564347,141.3528307
ラウンドワン札幌すすきの店,北海道札幌市中央区南五条西3-6-1,43.0541562,141.3539927
ＧｉＧＯ札幌駅西口,北海道札幌市北区北６条西６丁目１‐１,43.06758200000001,141.345942
キャッツアイ新川店,北海道札幌市北区新川二条７丁目１ー７,43.1007145,141.3102872
キャッツアイ篠路店,北海道札幌市北区篠路１条４丁目６ー３０,43.1407208,141.3571663
ラウンドワン札幌白石本通店,北海道札幌市白石区本通１６丁目北１−５０,43.0367028,141.4328558
キャッツアイ栄通店,北海道札幌市白石区栄通１９丁目１１−４３,43.0254762,141.4366525
キャッツアイ新札幌店,北海道札幌市厚別区厚別東五条１ー２−１０,43.0459015,141.4754493
ゲームランド新さっぽろ,北海道札幌市厚別区厚別中央２条５丁目７サンピアザ３階,43.03760380000001,141.4722189
トムソーヤのなかまたち藻岩店,北海道札幌市南区川治二条２−１−１イオン札幌藻岩店,42.9993348,141.3364005
キャッツアイ清田店,北海道札幌市清田区清田１条１−２０−１,43.0028238,141.4365278
キャッツアイミュンヘン大橋店,北海道札幌市豊平区平岸１条２３丁目８０１−１,43.013714,141.3541112
アドアーズ札幌北４２条,北海道札幌市東区北４２条東７−１−１　嶋ビル２階,43.1120376,141.3551842
キャッツアイ東苗穂店,北海道札幌市東区東苗穂６条２丁目１−２５,43.0923393,141.4069841
ソユーゲームフィールド苗穂店,北海道札幌市東区東苗穂2条3-1-1　イオンモール札幌苗穂２Ｆ,43.0797445,141.4047881
ラウンドワン札幌北２１条店,北海道札幌市東区北二十一条東１−１−２１,43.0891275,141.3643715
ＧｉＧＯイオン札幌手稲駅前ＳＣ,北海道札幌市手稲区前田１条１１丁目３階,43.12110699999999,141.2451895
キャッツアイ宮の沢店,北海道札幌市手稲区西宮の沢５条２丁目１１−１５,43.0963881,141.2574768
ソユーゲームフィールド発寒,北海道札幌市西区発寒8条12丁目1　イオン札幌発寒SC3F,43.0960621,141.2775757
ｎａｍｃｏウイングベイ小樽店,北海道小樽市築港１１−５ウィングベイ小樽５番街３階,43.1838539,141.0231256
ＧｉＧＯドリームタウン白樺,北海道帯広市白樺１６条西２丁目ドリームタウン白樺１階,42.9187004,143.1732755
ＧｉＧＯ帯広稲田,北海道帯広市稲田町南八線西１２−１スズランボウル１・２階,42.8900905,143.1965015
アミューズメントスペース遊ランド春光店,北海道旭川市春光1条7丁目2-25,43.7981675,142.3740323
ラウンドワン旭川店,北海道旭川市永山三条１−４−７,43.7865143,142.3973062
SOYUGameField旭川西店,北海道旭川市緑町23-2161-3イオンモール旭川西3F,43.793687,142.3272495
ゲームフィールド旭川春光店,北海道旭川市春光町１０番２　イオン旭川春光ＳＣ,43.7929682,142.3560612
ソユーゲームフィールド旭川駅前店,北海道旭川市宮下通７−２−５ｲｵﾝﾓｰﾙ旭川駅前４F,43.7639827,142.3573161
ＧｉＧＯ北見,北海道北見市西三輪５丁目１番地１６号,43.7965178,143.842603
ＢＩＧＢＡＮＧ北見店,北海道北見市中央三輪7丁目４４６−１,43.797112,143.8513157
ファンタジープラザ苫小牧,北海道苫小牧市木場町1-6-1MEGAドンキホーテ苫小牧2F,42.6412427,141.5952958
キャッツアイ苫小牧駅前店,北海道苫小牧市木場町１丁目３番地２,42.6420633,141.5975772
ＧｉＧＯイオンモール苫小牧,北海道苫小牧市柳町３丁目１番２０号イオンモール苫小牧２階,42.6557593,141.6407995
タイトーステーション 千歳店,北海道千歳市北栄２−１２−５,42.8334122,141.6450547
タイトーＦステーションイオン千歳店,北海道千歳市栄町６ー６１,42.8290397,141.6486636
ＰＡＬＯ滝川,北海道滝川市東町２丁目２９−１　イオン滝川１Ｆ,43.5545335,141.9333054
ＭＥＧＡＧＥＴ釧路,北海道釧路郡釧路町木場２丁目１ー１,43.00903150000001,144.4075362
ＰＡＬＯ釧路,北海道釧路郡釧路町桂木１−１−７　イオン釧路店２F,43.0090376,144.4046059
キャッツアイ恵庭店,北海道恵庭市住吉町２丁目９−１,42.8759224,141.5835011
ＧｉＧＯ室蘭,北海道室蘭市東町４丁目３１番２号１階,42.34223619999999,141.0258973
ＭＥＧＡＧＥＴ室蘭,北海道室蘭市中島本町２ー８ー１,42.3536543,141.0147218
ＧｉＧＯ函館昭和,北海道函館市昭和３丁目２４−１８ゲオ函館昭和店１階,41.8192245,140.7344596
ＧｉＧＯ　ＭＥＧＡドン･キホーテ函館,北海道函館市美原１‐７‐１　ＭＥＧＡドン・キホーテ函館店２Ｆ,41.8135467,140.7562236
ＢＩＧＢＡＮＧ函館,北海道函館市梁川町９−３テキサスビル３Ｆ,41.7887358,140.7442143
ラウンドワン函館店,北海道函館市西桔梗町８４８−１１,41.8245939,140.7173582
モーリーファンタジー中標津,北海道標津郡中標津町南町３番地１０　東武サウスヒルズ,43.5357117,144.97782
イオン根室アミューズメントランド,北海道根室市常磐町3-9,43.3322222,145.5829368
ＰＡＬＯ網走,北海道網走市駒場北５丁目８３番地,44.0007695,144.2843351
キャッツアイ静内店,北海道日高郡新ひだか町静内木場町２丁目１−４１,42.3414836,142.3542974
モーリーファンタジー三笠店,北海道三笠市岡山１０５９−１スーパーセンター１Ｆ,43.2437592,141.8053547
ＰＡＬＯ江別,北海道江別市幸町35　3F,43.0968773,141.5333961
イオン紋別　キッズパーク,北海道紋別市花園町３丁目４の３９,44.3495141,143.3478608
ラウンドワン青森店,青森県青森市浜田３−１−１,40.7995195,140.7476975
ソユーゲームフィールドシーナシーナ青森店,青森県青森市浜田一丁目１４番地１シーナシーナ青森２Ｆ,40.8008618,140.7491217
ソユースペースファンタジーインフィニ,青森県弘前市城東北３−１０−１さくら野百貨店弘前店４Ｆ,40.606733,140.4960515
ゲームフィールド弘前樋の口店,青森県弘前市樋の口二丁目９−６イオンタウン弘前樋の口店,40.6022982,140.4438244
ＧｉＧＯ弘前,青森県弘前市末広１−３−３,40.6041514,140.4999356
ＧｉＧＯ八戸,青森県八戸市城下４−２５−１４,40.5198927,141.4982759
ゆりの木ボウル,青森県八戸市鷹匠小路１０,40.506595,141.4936122
ファンタジードーム八戸,青森県八戸市江陽２−１４−１,40.5221831,141.5034283
ソユーゲームフィールド八戸店,青森県八戸市沼館4-7-112八戸ピアドゥＢ棟2F,40.5276915,141.4973727
タイトーＦステーション八戸店,青森県八戸市三日町２７,40.5092437,141.490567
ユーズランド下田店,青森県上北郡おいらせ町中野平４０−１イオンモール下田１Ｆ,40.6013379,141.4201098
モーリーファンタジー三沢,青森県三沢市松園町３−１０−１ビードルプラザ三沢店１Ｆ,40.6750198,141.3629663
ゲームランドつがる柏店,青森県つがる市柏稲盛幾世41イオンモールつがる柏2F,40.8020367,140.4168295
ＰＡＬＯ五所川原,青森県五所川原市大字唐笠柳字藤巻６４１番１　アクロスプラザ,40.8008808,140.461454
ＰＡＬＯむつ,青森県むつ市中央２−７−８　１Ｆ,41.2867882,141.1837968
タイトーステーション 盛岡マッハランド店,岩手県盛岡市上堂１−２−３８マッハランド内,39.7236592,141.1269982
サンシャイン,岩手県盛岡市大通２ー７ー２１ジュリアンビル１階,39.7031596,141.1454593
ソユーゲームフィールド盛岡南,岩手県盛岡市本宮７−１−１イオンモール盛岡南２Ｆ,39.6834723,141.1285162
ラウンドワン盛岡店,岩手県盛岡市盛岡駅西通２−１０−３５,39.7003557,141.1330705
ゲームランド盛岡店,岩手県盛岡市前潟４−７−１イオンモール盛岡２Ｆ,39.7112726,141.0993197
ＧｉＧＯ一関,岩手県一関市山目字中野９２ー１,38.93347989999999,141.1175448
ソユーファミリーゲームフィールド花巻店,岩手県花巻市高木第１６地割６８−６　銀河モール１Ｆ,39.3862682,141.1359977
アミューズメントゾーン北上店,岩手県北上市本通2-2-1さくら野北上店4F,39.2886075,141.1159661
アミューズメントパークアルコ,岩手県紫波郡矢巾町南矢幅７−４２５−３,39.6111842,141.1530034
キッズランド,岩手県紫波郡紫波町桜町１丁目１２−１　ナックス内キッズランド,39.549516,141.164294
ＰＡＬＯ久慈,岩手県久慈市長内町第３０地割３２−２久慈SC１F,40.1897802,141.7855839
ゲームランドプレーゴ金ケ崎,岩手県胆沢郡金ケ崎町三ヶ尻荒巻１６５イオンＳＣ金ヶ崎店内,39.2195472,141.1012501
ＧｉＧＯ水沢,岩手県奥州市水沢佐倉河字鐙田４−１,39.1526204,141.1494293
テクノワールド,岩手県奥州市江刺愛宕字梁川１２７−１,39.1792067,141.1621827
ソユーゲームフィールド釜石店,岩手県釜石市港町２−１−１イオンタウン釜石店３F,39.2714885,141.8808374
タイトーステーション仙台名掛丁店,宮城県仙台市青葉区中央１−７−１３,38.2620344,140.8791421
ＧｉＧＯ仙台,宮城県仙台市青葉区中央２−５−５三経６０ビル,38.26159639999999,140.8768934
ＧｉＧＯ仙台一番町,宮城県仙台市青葉区一番町４丁目５番１３号サンシャインビル１階,38.2640235,140.8712526
ゲームフィールド仙台上杉店,宮城県仙台市青葉区堤通雨宮町１ー１イオンモール仙台上杉３階,38.2760935,140.8725179
タイトーステーション 仙台クリスロード店,宮城県仙台市青葉区中央２−３−２５,38.2610147,140.8756573
ゲームコーナー東部,宮城県仙台市若林区六丁の目中町26-60 斎喜東部ビル2F,38.2509514,140.9440251
ＧＡＭＥＢＡＮＫ仙台泉店,宮城県仙台市泉区大沢２−５−４,38.3527449,140.8774362
ＧｉＧＯイオン仙台中山,宮城県仙台市泉区南中山１−３５−５７別館３Ｆ,38.2991587,140.8287003
ラウンドワン仙台泉店,宮城県仙台市泉区大沢二丁目１２番４号　１階,38.3520265,140.8795076
スイーツ・ハート仙台泉大沢店,宮城県仙台市泉区大沢1-5-1イオンタウン泉大沢2F,38.3498622,140.8815453
ＧｉＧＯ泉中央ショッピングプラザセルバ,宮城県仙台市泉区泉中央１丁目４ー１,38.3235575,140.8820845
タイトーステーション 仙台ベガロポリス店,宮城県仙台市太白区西多賀５−２４−１ベガロポリス内,38.2193107,140.8488322
ゲームフィールド仙台長町店,宮城県仙台市太白区長町７丁目２０番３号ザ・モール仙台長町店３階,38.225644,140.8768771
モーリーファンタジーヨドバシ仙台,宮城県仙台市宮城野区榴岡１丁目３ー１　ヨドバシ仙台本館５階,38.2594041,140.8841107
ラウンドワン仙台苦竹店,宮城県仙台市宮城野区苦竹１−７−１０,38.2681356,140.9173096
ユーズランド大河原店,宮城県柴田郡大河原町小島２−１フォルテ２Ｆ,38.0651587,140.7376337
ＧｉＧＯ名取,宮城県名取市飯野坂字土城堀５７−１,38.1565642,140.8884373
バンダイナムコＣｒｏｓｓＳｔｏｒｅ仙台,宮城県名取市杜せきのした５−３−１イオンモール名取３Ｆ,38.163927,140.8960151
ＧｉＧＯ石巻,宮城県石巻市大街道東４−１−４５,38.4291967,141.2853363
プラサカプコン石巻店,宮城県石巻市茜平4丁目104番地 ｲｵﾝ石巻ｼｮｯﾋﾟﾝｸﾞｾﾝﾀｰ2F,38.4478396,141.2661156
ＧｉＧＯ利府,宮城県宮城郡利府町加瀬字新前谷地５５−１,38.3280018,140.9756875
ＧｉＧＯ佐沼,宮城県登米市迫町佐沼字中江２−５−８,38.6904124,141.1891637
ゲームランド佐沼店,宮城県登米市南方町新島前４６−１イオンタウン佐沼ＳＣ,38.6834466,141.1838777
ＳＯＹＵＧａｍｅＦｉｅｌｄ矢本店,宮城県東松島市小松字上浮足４３番地イオンタウン矢本,38.42665,141.2039671
モーリーファンタジー古川,宮城県大崎市古川旭2-2-1ｲｵﾝ古川店２F,38.5670769,140.9724691
ＳＯＹＵ　ＧＡＭＥ　ＦＩＥＬＤ古川店,宮城県大崎市古川沢田字筒場浦１５番地イオンタウン古川内,38.5990311,140.9741424
アピナ富谷店,宮城県富谷市大清水１丁目３３‐１　１０９シネマズ富谷１階,38.36539,140.876216
アピナ新利府　北館店,宮城県宮城郡利府町利府字新屋田前２２イオンモール新利府北館２,38.3268494,140.9719782
ＳＯＹＵＧａｍｅＦｉｅｌｄ御所野店,秋田県秋田市御所野地蔵田１ー１−１イオンモール秋田２Ｆ,39.6631625,140.1609294
ＧｉＧＯ秋田,秋田県秋田市茨島１−１−１６,39.7042453,140.1046398
ラウンドワン秋田店,秋田県秋田市卸町１−１−２,39.7021067,140.109213
ロックンボウル,秋田県秋田市広面字長沼３０１,39.7172827,140.1434859
ペニーポット秋田,秋田県秋田市中通2-8-1フォンテ秋田4F,39.7163149,140.1276197
ｎａｍｃｏイオンタウン大館西店,秋田県大館市根下戸新町18-121イオンタウン大館西内,40.273914,140.5293076
ＳＯＹＵＧａｍｅＦｉｅｌｄ大館店,秋田県大館市御成町三丁目７番５８号いとく大館ＳＣ３階,40.2808033,140.5603752
ゲームフィールド十文字店,秋田県横手市十文字町仁井田字東22-1スーパーモールラッキー内,39.215976,140.5207015
G3ポロス横手南店,秋田県横手市婦気大堤字中田4-1ｲｵﾝｽｰﾊﾟｰｾﾝﾀｰ横手南店2階,39.2951082,140.5528442
モーリーファンタジー能代,秋田県能代市柳町１１−１　３Ｆ,40.2090776,140.024629
ＳＯＹＵＧａｍｅＦｉｅｌｄ能代店,秋田県能代市鰄渕字古屋布１番イオンタウン能代内,40.1880707,140.081331
プラサカプコン大曲店,秋田県大仙市和合字坪立１７７イオン大曲ＳＣ２Ｆ,39.4376946,140.5092729
モーリーファンタジー本荘,秋田県由利本荘市石脇田中１３８番地,39.3916174,140.0273777
ＧｉＧＯ北山形,山形県山形市北町１−３−２０,38.2683251,140.3313126
トレジャーサバイバル,山形県山形市北町２−２−４５,38.2686947,140.3294584
あそビレッジ山形店,山形県山形市成沢西５−３−２７,38.2085525,140.317765
パルケ・デ・アミーゴ！山形店,山形県山形市嶋北１−３−１,38.2836674,140.3216751
スタジオプリモ山形店,山形県山形市城南町１−１−１　霞城セントラル２Ｆ,38.2500132,140.3268363
アピナ鶴岡店,山形県鶴岡市文下字広野１−１,38.7584404,139.8439546
ＧｉＧＯ天童,山形県天童市南町１−５−２６,38.3430246,140.3740405
ソユーゲームフィールド天童店,山形県天童市芳賀タウン北４−１−１ イオンモール天童２Ｆ,38.3472646,140.3656803
ＧｉＧＯ米沢,山形県米沢市大字花沢字タナコ原１７７,37.9254808,140.126685
モーリーファンタジー米沢,山形県米沢市春日2-13-4　2F,37.9232276,140.1087996
ＳＯＹＵＧａｍｅＦｉｅｌｄ酒田店,山形県酒田市泉町１９８番地イオンタウン酒田内,38.9357019,139.846927
ＧｉＧＯ新庄,山形県新庄市金沢１０６８,38.7646478,140.308515
ＧｉＧＯ庄内,山形県東田川郡三川町猪字大堰端３２６番地６,38.81952769999999,139.8349139
ソユーゲームフィールド三川店,山形県東田川郡三川町大字猪子字和田庫１２８−１イオン三川１Ｆ,38.8160591,139.8361657
モーリーファンタジー東根,山形県東根市さくらんぼ駅前３−７−１５ｲｵﾝ東根店２Ｆ,38.4274539,140.3879861
タイトーＦ郡山オリエントパーク店,福島県郡山市安積町荒井字大久保３５−１,37.3759613,140.3462481
ｎａｍｃｏイオンタウン郡山店,福島県郡山市松木町２−８８イオンタウン郡山内,37.3887066,140.3906399
ＧｉＧＯ日和田,福島県郡山市日和田町字西中島７−１,37.4481904,140.3804082
ラウンドワン郡山店,福島県郡山市向河原町４−５５,37.4022993,140.3956602
ＧｉＧＯ福島南,福島県福島市黒岩字中島７−２,37.7278039,140.4671665
サープラ福島あそびタウン,福島県福島市栄町１−１　パワーシティーピボット内,37.754528,140.4587687
ＧｉＧＯ福島,福島県福島市本内中井１−２,37.7852398,140.4876021
ラウンドワン福島店,福島県福島市太田町14-18,37.7525667,140.4561436
嶺宝スポーツセンター,福島県いわき市小名浜住吉折返２−２,36.9740136,140.8904142
ソユーゲームフィールド小名浜店,福島県いわき市小名浜字辰巳町７９イオンモールいわき小名浜３Ｆ,36.9464511,140.9069115
モーリーファンタジーいわき,福島県いわき市平字三倉６８−１イオン３Ｆ,37.0505621,140.8984907
ＧｉＧＯ会津若松,福島県会津若松市町北町上荒久田字宮下１４２,37.5179154,139.9315302
スウィーツファクトリーパックン会津若松,福島県会津若松市幕内南町９−１０　ＭＥＧＡドンキ２階,37.4834927,139.9043842
ＧｉＧＯ白河,福島県白河市新高山１−１　メガステージ白河内,37.1181525,140.1941574
ＳＯＹＵ　Ｅ−ＳＴＵＤＩＯ須賀川店,福島県須賀川市古河１０５イオンタウン須賀川Ｂ棟内,37.2983025,140.3857739
ＰＡＬＯ喜多方,福島県喜多方市字押切南２−４２−１リオンドールガーデンＳＱ内,37.64597699999999,139.8585205
ＧｉＧＯ水戸,茨城県水戸市宮町１−７−４４コムボックス３１０,36.3696765,140.4745603
スタジオプリモ水戸店,茨城県水戸市宮町１−２−４マイム１F,36.371406,140.476867
ピンクパンサー水戸赤塚店,茨城県水戸市河和田1-1,36.38137,140.414733
ゲームメガ水戸けやき台店,茨城県水戸市酒門町３２７６−１,36.3380073,140.48322
ユーズランド水戸内原店,茨城県水戸市内原２−１イオンモール水戸内原２Ｆ,36.37454,140.3594193
ＧｉＧＯ水戸南,茨城県水戸市千波町２０１７−１,36.3502957,140.443029
ＧｉＧＯ日立,茨城県日立市田尻町３−２６−１,36.6264229,140.6697695
ゲームメガ日立店,茨城県日立市東多賀町５−１０−１０,36.5482143,140.6304785
ＧｉＧＯヒタチエ,茨城県日立市幸町１丁目１６番１号ヒタチエ５階,36.591771,140.65903
アミューズビバ,茨城県ひたちなか市東大島２−１１−１１,36.406336,140.5317819
ＧｉＧＯひたちなか,茨城県ひたちなか市田中後４０−２,36.3474633,140.5801162
ＧｉＧＯ　ＭＥＧＡドン･キホーテ勝田,茨城県ひたちなか市石川町１‐１,36.3931062,140.5274968
ゲームメガつくば店,茨城県つくば市小野崎１７７−２,36.0770701,140.1046071
ＧｉＧＯデイズタウンつくば,茨城県つくば市竹園１—９−２デイズタウンつくば地下１Ｆ,36.0776927,140.115331
ｎａｍｃｏiiasつくば店,茨城県つくば市研究学園5-19　iiasつくば店2F2190,36.0864047,140.0839981
ｎａｍｃｏイオンモールつくば店,茨城県つくば市稲岡66-1ｲｵﾝﾓｰﾙつくば店3F,36.0348544,140.1340818
ＧｉＧＯトナリエクレオつくば,茨城県つくば市吾妻１丁目７−１　トナリエクレオ３Ｆ,36.0805955,140.1123841
ＧｉＧＯ石岡,茨城県石岡市東大橋中峯１９７６−１,36.1947671,140.3138875
アミューズメントパレスワンダーヴュー阿見,茨城県稲敷郡阿見町大字阿見２９５８ショッピングセンター２階,36.0423541,140.2097189
ピンクパンサー下妻店,茨城県下妻市小島884-10,36.1707093,139.9665543
モーリーファンタジー下妻,茨城県下妻市掘篭９７２−１イオン下妻店2F,36.1895448,139.990167
ゲームパニックつくば,茨城県土浦市中村東1-1-1サンタスワールド内,36.0464898,140.1682049
楽市楽座イオンモール土浦店,茨城県土浦市上高津３６７イオンモール土浦ＳＣ３階,36.0798264,140.1787223
ピンクパンサー土浦店,茨城県土浦市木田余４５８５−３,36.1065627,140.2153092
ＦＥＳＴＡ古河店,茨城県古河市松並２−１８−１０マーケットシティ古河,36.2094072,139.7085675
ＧＡＭＥ ＰＡＤＤＯＣＫ＋１,茨城県古河市小堤１９１６−１,36.2067364,139.7578652
ＧｉＧＯショッピングセンターチェリオ鹿嶋,茨城県鹿嶋市宮中２９０−１ショッピングセンターチェリオ１階,35.9598927,140.6439669
ＳＯＹＵ　ＴＯＹ’Ｓ　ＮＹ　守谷店,茨城県守谷市百合ヶ丘3-249-1　イオンタウン守谷2Ｆ,35.9448157,139.990594
ＧｉＧＯ神栖,茨城県神栖市神栖１ー８−１,35.8978714,140.6444242
ＧｉＧＯ龍ヶ崎,茨城県龍ケ崎市藤ケ丘４−２−８,35.9385356,140.1958491
アピナ下館店,茨城県筑西市玉戸１０１２−３,36.2953563,139.9457336
ｎａｍｃｏフェドラＰ＆Ｄ佐野店,栃木県佐野市高萩町１３４０,36.2972787,139.6056493
シーサイドリゾートアミューズメントパーク,栃木県宇都宮市睦町７−３,36.5632863,139.8604514
ＧｉＧＯ宇都宮,栃木県宇都宮市東宿郷５−１−７,36.558217,139.9088903
ｎａｍｃｏ宇都宮店,栃木県宇都宮市簗瀬町１６０６−１　Ｐ＆Ｄビル,36.5438902,139.8914522
スタジオプリモ宇都宮店,栃木県宇都宮市曲師町2-8宇都宮フェスタ1F,36.5602938,139.8847019
タイトーステーション 宇都宮ベルモール店,栃木県宇都宮市陽東６−２−１ベルモール内２Ｆ,36.5560767,139.9290374
ラウンドワン宇都宮店,栃木県宇都宮市江曽島町２０７２−１,36.5406212,139.8867794
テクモピアパルテロン宇都宮店,栃木県宇都宮市今泉町２３７福田屋ＳＰ宇都宮２Ｆ,36.573628,139.900319
INTER PARK+1宇都宮,栃木県宇都宮市インターパーク６−５−１,36.488099,139.9056093
TFSトナリエ宇都宮,栃木県宇都宮市駅前通り１丁目４番６号トナリエ宇都宮,36.5602135,139.896968
ファンタジーランドガルー宇都宮店,栃木県宇都宮市江曽島本町22-7アピタ宇都宮店2Ｆ,36.5315585,139.8670476
タイトーＦステーション小山店,栃木県小山市喜沢1475ハーヴェストウォーク内スポーツシネマ棟,36.3360218,139.8070202
ＧｉＧＯ小山,栃木県小山市東城南１−１−１８,36.2986535,139.8101303
アピナ小山店,栃木県小山市駅南町４−２７−１８,36.3003737,139.8092421
ＫＯＫＡＤＯタウン小山店,栃木県小山市中久喜１４６７ー１イオンモール小山店２階,36.3220687,139.8409704
ＧＡＭＥ　ＧＥＴーＢｅｅ　ＶＡＬ小山店,栃木県小山市城山町３丁目３番地２２号,36.3159754,139.8067535
ＧｉＧＯ日光,栃木県日光市芹沼１４４８−１,36.7411149,139.7103149
ドラマ足利,栃木県足利市朝倉町２４４‐１,36.3221045,139.4504818
大田原スポーツランド,栃木県那須塩原市一区町１０４−６０,36.852073,139.9934213
ＧｉＧＯ西那須野,栃木県那須塩原市南郷屋２−１０６−２７,36.8953722,139.9827624
アピナ宇都宮店,栃木県河内郡上三川町磯岡４２１ー１ジョイフル本田宇都宮店２階,36.4822094,139.9063443
タイト—Ｆステーション高崎オ—パ店,群馬県高崎市八島町４６−１　高崎オ—パ７階,36.3231608,139.011267
群馬レジャーランド高崎駅東口店,群馬県高崎市江木町３３３−１高崎ＥＸビル,36.3297633,139.013423
ユーズランド高崎店,群馬県高崎市棟高町１４００番地イオンモール高崎２Ｆ,36.3906591,139.0068085
インターワールド伊勢崎店,群馬県伊勢崎市宮子町３４２５−４,36.3315187,139.1625184
群馬レジャーランド伊勢崎店,群馬県伊勢崎市連取町3066-1,36.31822,139.1724135
ＧｉＧＯスマーク伊勢崎,群馬県伊勢崎市西小保方町３６８スマーク伊勢崎３Ｆ　３０２区画,36.3392953,139.2324035
群馬レジャーランド藤岡店,群馬県藤岡市中2002-1,36.2744369,139.0717674
群馬レジャーランド太田店,群馬県太田市西矢島町162-2,36.2680436,139.375866
ＧｉＧＯ太田,群馬県太田市西矢島町５７５−１,36.274556,139.3781043
アピナ太田店,群馬県太田市内ケ島町９０７−１,36.2829407,139.3984028
ユーズランド太田店,群馬県太田市石原町８１番地イオンモール太田２Ｆ,36.29411,139.4005458
ＧｉＧＯ館林,群馬県館林市小桑原町９４９−１,36.2351772,139.5202506
ラウンドワン前橋店,群馬県前橋市天川大島町１１０１−１,36.3687431,139.105323
群馬レジャーランド前橋店,群馬県前橋市日吉町４ー３７ー１,36.4049826,139.0794233
ｎａｍｃｏけやきウォーク前橋店,群馬県前橋市文京町２−１−１けやきウォーク前橋２Ｆ,36.3791667,139.0780556
群馬レジャーランド渋川店,群馬県渋川市八木原1364,36.4695474,139.0135533
ＧｉＧＯ沼田,群馬県沼田市下久屋町１１００−１,36.6568774,139.0776514
宝島大間々店,群馬県みどり市大間々町大間々４０番地さくらもーる２Ｆ,36.4138795,139.2816243
ＧｉＧＯ　ＭＥＧＡドン･キホーテ桐生,群馬県桐生市永楽町５‐１０,36.4124568,139.3359721
ＧｉＧＯ川口,埼玉県川口市東領家２−２−１０,35.7945957,139.7476601
シルクハット川口,埼玉県川口市栄町３−１−１６イート川口ビル４Ｆ,35.8028127,139.7177431
ゲームシティ川口店,埼玉県川口市栄町1-10-5,35.8025164,139.7255272
ＧｉＧＯららテラス川口,埼玉県川口市栄町３丁目５ー１,35.8030115,139.7187434
楽市楽座イオンモール川口前川店,埼玉県川口市前川1-1-11イオンモール川口前川店3F,35.8331868,139.7071534
ソユーゲームフィールド川口店,埼玉県川口市並木元町１−７９　アリオ川口３Ｆ,35.8074427,139.7140024
ＧｉＧＯ所沢,埼玉県所沢市日吉町８−１,35.7884841,139.471914
タイトーステーション 所沢店,埼玉県所沢市日吉町３−７,35.7880391,139.4727591
キャロム所沢店,埼玉県所沢市下安松969-1,35.7909858,139.5042194
ラウンドワン所沢店,埼玉県所沢市東町５丁目２２　６階,35.7887345,139.4703442
ｎａｍｃｏエミテラス所沢店,埼玉県所沢市東住吉１０−１　エミテラス所沢４階,35.7858507,139.4700988
キャロム坂戸店,埼玉県坂戸市関間2-151-1,35.9511985,139.3989584
埼玉レジャーランド春日部店,埼玉県春日部市大字増富字谷際163-1,35.9626813,139.7332697
ユーズランド春日部店,埼玉県春日部市下柳４２０−１イオンモール春日部２Ｆ,35.9880769,139.7886173
アミューズランドモナコ川越店,埼玉県川越市新富町2-4-1,35.9132612,139.4831715
テクモピア川越店,埼玉県川越市脇田町４ー２ドンキホーテ川越東口店３Ｆ,35.9091029,139.482914
ＧｉＧＯアトレ川越,埼玉県川越市脇田町１０５番地１Ｆ,35.9083085,139.4831317
アピナ川越店,埼玉県川越市泉町１−１　ウニクス南古谷シネマ棟１Ｆ,35.9032869,139.516523
埼玉レジャーランド大宮ラクーン店,埼玉県さいたま市大宮区宮町1-60 RAKUUN５階,35.9077882,139.6256846
埼玉レジャーランド大宮駅東口店,埼玉県さいたま市大宮区宮町1-8大宮セントラルビルB1F-2F,35.9079906,139.6245492
タイトーＦステーションＡＳ大宮西口駅前店,埼玉県さいたま市大宮区桜木町２‐３　イオンスタイル大宮西７Ｆ,35.907367,139.6218667
ＧｉＧＯ大宮西口,埼玉県さいたま市大宮区桜木町二丁目３番地２,35.9058863,139.6216742
タイトーステーション 大宮店,埼玉県さいたま市大宮区大門町１−１,35.9058133,139.6257045
ラウンドワン大宮店,埼玉県さいたま市大宮区宮町４−９０−７,35.91079,139.6253813
ＧｉＧＯイオンモール与野,埼玉県さいたま市中央区本町西５ー２−９イオンモール与野３Ｆ,35.8906758,139.614978
ウェアハウス三橋店,埼玉県さいたま市西区三橋６ー９５５ー１,35.91588060000001,139.5958337
ウェアハウス岩槻店,埼玉県さいたま市岩槻区加倉３ー３ー６３,35.9411065,139.6860983
アミューズメントクラブ浦和,埼玉県さいたま市浦和区仲町1-10-7,35.8602761,139.6535072
ＧｉＧＯイオンモール浦和美園,埼玉県さいたま市緑区美園５−５０−１イオンモール浦和美園２Ｆ,35.8908754,139.7312494
ＧｉＧＯ入間,埼玉県入間市東藤沢２−１８,35.8189837,139.4183281
ラウンドワン入間店,埼玉県入間市小谷田３−７−２５,35.8283453,139.3760616
アピナ上尾店,埼玉県上尾市緑丘３−３−１１−２　Ｐ・Ａ・Ｐ・Ａ上尾ＳＣ別棟,35.9873851,139.5798142
ラウンドワン上尾店,埼玉県上尾市大字平塚９１７−１,35.9857103,139.6078395
ウェアハウス上尾店,埼玉県上尾市二ツ宮１０４４,35.9810227,139.6031397
モーリーファンタジー上尾店,埼玉県上尾市愛宕3-8-1,35.9640591,139.5979361
パラボランド上尾ショーサンプラザ店,埼玉県上尾市谷津２−１−１ショーサンプラザ５階,35.9720403,139.5885796
ゲームファクトリーマグマ草加店,埼玉県草加市氷川町2125-1,35.8282201,139.8024777
ウェアハウス草加店別館,埼玉県草加市稲荷２ー３６ー３３,35.8303033,139.8209282
ラウンドワン草加店,埼玉県草加市谷塚上町２０４番１,35.8127097,139.7879612
ＧｉＧＯ南越谷ラクーン,埼玉県越谷市南越谷１丁目１５番１号南越谷ラクーン２Ｆ,35.8749651,139.7931226
ウェアハウス越谷店,埼玉県越谷市南荻島８４１ー１,35.9119892,139.7637344
ユーズランド越谷店,埼玉県越谷市レイクタウン4-2-2イオンレイクタウンKAZE3F,35.8774779,139.8246589
ＧｉＧＯ籠原,埼玉県熊谷市美土里町１−１−１６９,36.1701816,139.3135883
ＳＯＹＵＧａｍｅＦｅｉｌｄ熊谷,埼玉県熊谷市銀座2-245ﾆｯﾄﾓｰﾙ4F,36.1388412,139.3937792
ｎａｍｃｏ熊谷店,埼玉県熊谷市銀座2-97CARPA1階,36.1388828,139.3948313
ＰＡＬＯ熊谷,埼玉県熊谷市本石２−１３５,36.1464007,139.3785389
タイトーステーション 和光店,埼玉県和光市丸山台１−４−５,35.786637,139.6138534
アドアーズ和光,埼玉県和光市本町３−５ワコーステーション３　１−３Ｆ,35.7883042,139.6116049
サープラ八潮あそびタウン,埼玉県八潮市大瀬１−１−３フレスポ八潮３Ｆ,35.8085639,139.8441452
ビッグボウル杉戸,埼玉県北葛飾郡杉戸町大字杉戸２３３８,36.04015690000001,139.7208795
ＧｉＧＯ花園,埼玉県深谷市荒川３５９,36.1203923,139.2331123
ｎａｍｃｏイオンモール北戸田店,埼玉県戸田市美女木東１−３−１ｲｵﾝﾓｰﾙ北戸田ｼｮｯﾋﾟﾝｸﾞｾﾝﾀｰ内3F,35.8263372,139.6528514
ギガステーション戸田店,埼玉県戸田市大字美女木943-7,35.8340364,139.6535097
ラウンドワン朝霞店,埼玉県朝霞市膝折町２−１６−１０,35.7902784,139.5795961
スイーツファンタジーパックン東松山店,埼玉県東松山市あずま町４丁目３番地ピオニウォーク東松山店2F,36.0054405,139.4105601
ラウンドワンわらび店,埼玉県蕨市北町５−１−６,35.8307741,139.6741439
アドアーズ蕨,埼玉県蕨市塚越1-4-4ラ・セーヌビル2階,35.8277886,139.6913169
ＧｉＧＯビバモール蕨錦町,埼玉県蕨市錦町１丁目１２ー１　２階　２１２区画,35.8217943,139.6778975
ラウンドワンさいたま・栗橋店,埼玉県久喜市小右衛門１９２−１,36.1235504,139.7151523
ソユーゲームフィールド菖蒲店,埼玉県久喜市菖蒲町菖蒲６００５番地１　モラージュ菖蒲３Ｆ,36.075725,139.6103484
ラウンドワンららぽーと新三郷店,埼玉県三郷市新三郷ららシティ3-1-1ららぽーと新三郷2F20000番,35.8597004,139.8657984
ゲームパニック三郷,埼玉県三郷市ピアラシティ1-1-200,35.8421116,139.8548409
ラウンドワンさいたま・上里店,埼玉県児玉郡上里町大字金久保３９４−１,36.2596739,139.1380207
スウィーツファンタジーパックン桶川,埼玉県桶川市下日出谷東２−１５−１ベニバナウォーク２Ｆ,35.996565,139.5506144
ラウンドワンさいたま・鴻巣店,埼玉県鴻巣市箕田３１６３−７,36.0806067,139.4902645
ＧｉＧＯフジモール吹上,埼玉県鴻巣市袋９０ー１　２階,36.0964095,139.465951
プリモピア鴻巣店,埼玉県鴻巣市北新宿２２５−１ウニクス鴻巣１階,36.1125755,139.4396362
プラサカプコン羽生店,埼玉県羽生市川崎２−２８１−３イオンモール羽生２階,36.144031,139.5384733
アミューズメントフィールドバイヨン,埼玉県ふじみ野市うれし野２−１６−１LCモールうれし野２Ｆ,35.856231,139.5224316
ＧｉＧＯビバモール埼玉大井,埼玉県ふじみ野市西鶴ケ岡１丁目３ー１５,35.8637878,139.5022199
ハローズガーデンワカバウォーク,埼玉県鶴ヶ島市富士見１‐２‐１ワカバウォーク２Ｆ,35.949398,139.4111948
ゲームガリバー,千葉県柏市柏１‐１‐１１,35.8617921,139.9708973
ＧｉＧＯ柏,千葉県柏市柏１−１−１１丸井デパート内Ｂ１Ｆ,35.8614378,139.9708705
タイトーステーション 柏店,千葉県柏市柏２−３−１フーサワビル,35.8614541,139.9727044
スーパーウェーブ柏,千葉県柏市十余二２４９−５,35.8818813,139.9592815
柏ヤングボウル,千葉県柏市南柏中央11-1,35.8460879,139.9572891
ラウンドワンアリオ柏店,千葉県柏市大島田１丁目６番地１セブンパークアリオ柏　１０７０,35.8334485,140.012913
ＧｉＧＯ千葉,千葉県千葉市中央区富士見２−４−１,35.6115279,140.115853
キャッツアイ東千葉店,千葉県千葉市中央区祐光３丁目２番１号,35.6196027,140.127095
ラッキー中央店・フェリシダ,千葉県千葉市中央区富士見2-8-1,35.6101686,140.1183597
スポーツウェーブ鉄腕24,千葉県千葉市中央区浜野町1025-59,35.5540731,140.1262821
ＧｉＧＯフェスティバルウォーク蘇我,千葉県千葉市中央区川崎町５１−１ハーバーシティ蘇我ＦＷ　１Ｆ,35.5911369,140.1169363
ＧｉＧＯ稲毛オーツーパーク,千葉県千葉市稲毛区園生町３８０−１,35.6516909,140.1192558
スポーツウェーブ鉄腕24稲毛長沼店,千葉県千葉市稲毛区長沼原町697番地,35.6622515,140.1269227
パレパレ稲毛長沼店,千葉県千葉市稲毛区長沼原町731-17フレスポ稲毛Ａ２棟４,35.6569557,140.1283303
ソユーゲームフィールド幕張店,千葉県千葉市花見川区幕張町４−４１７−２５　ＩＹ幕張店２Ｆ,35.6563155,140.0510385
ＧｉＧＯ幕張,千葉県千葉市美浜区ひび野１−８メッセ・アミューズ・モール１Ｆ,35.6499008,140.0424635
ＧａｍｅＦｉｅｌｄ千城台店,千葉県千葉市若葉区千城台北３丁目２１−１イコアス千城台３Ｆ,35.6240251,140.1902056
千葉レジャーランド野田店,千葉県野田市吉春776-1,35.9715132,139.8652943
チャリオット五井店,千葉県市原市五井中央西２−１−２,35.51408869999999,140.0906014
ゲームランドちはら台店,千葉県市原市ちはら台西３−４ｕｎｉｍｏちはら台２Ｆ,35.5313193,140.1719657
ラウンドワン市原店,千葉県市原市八幡北町３−５−１,35.5475995,140.1232042
アピナ市原店,千葉県市原市更級４丁目２番１号アクロスプラザ市原更級Ｆ棟１階,35.5100288,140.101486
ゲームプラザセントラル浦安店,千葉県浦安市北栄1-16-15,35.6651792,139.8933362
ＧｉＧＯイオン新浦安ショッピングセンター,千葉県浦安市入船１−４−１イオン新浦安ＳＣ４Ｆ,35.64896299999999,139.9147912
ｎａｍｃｏ松戸店,千葉県松戸市松戸１２３０番地１ピアザ松戸１Ｆ,35.7836203,139.9008972
ＧｉＧＯ八柱,千葉県松戸市日暮１−１−１八柱駅第２ビル２Ｆ,35.7913436,139.9377712
タイトーＦステーション新松戸店,千葉県松戸市新松戸３−２−２イオンフードスタイル新松戸店４階,35.8250927,139.915631
アドアーズ船橋,千葉県船橋市本町１−３１−２６セブン船橋Ｂ１Ｆ〜３Ｆ,35.7005781,139.9844868
タイトーステーション 船橋店,千葉県船橋市本町１−６−１,35.6998857,139.9860089
テクモピア船橋南口店,千葉県船橋市本町１ー７ー６ドリーム船橋ビル３Ｆ,35.6989774,139.9858124
アミューズメントエース津田沼,千葉県船橋市前原西２−１５−１ファシービル,35.6922647,140.020169
アソビクル京葉船橋インター店,千葉県船橋市海神３丁目１２４の３　コーナン京葉船橋　２階,35.6978995,139.9753406
プラサカプコン成田店,千葉県成田市ウイング土屋２４イオン成田ＳＣ２Ｆ,35.7955745,140.3187065
ＧｉＧＯそよら成田ニュータウン,千葉県成田市赤坂２丁目１ー１０　５Ｆ　５１０区画,35.7782142,140.2906421
テクモピアロックダム公津の杜店,千葉県成田市公津の杜4-5-3成田ユアエルム3F,35.7596891,140.2964334
ＤＡＩＫＥＩＥＮ,千葉県市川市大町３５９,35.7631965,139.9697894
ラウンドワン市川鬼高店,千葉県市川市鬼高４−１−３,35.7114031,139.9275094
ＰＡＬＯ市川,千葉県市川市鬼高１−１−１ニッケコルトンプラザ２Ｆ,35.7160871,139.9336563
タイトーＦステーション市川妙典店,千葉県市川市妙典4-1-1　イオン市川妙典店2番街2F,35.6924597,139.9268112
ＧｉＧＯ我孫子,千葉県我孫子市柴崎字天王谷４７−１,35.8773744,140.0354506
ウェアハウス南流山店,千葉県流山市南流山４ー１６ー６,35.8401913,139.9050677
ラッキー佐倉店,千葉県佐倉市井野1475,35.7183903,140.1362781
ラッキーバッティングドーム八千代店,千葉県八千代市大和田新田1088,35.7230534,140.0673335
キャッツアイ八千代店,千葉県八千代市緑が丘西２丁目１３番地３　ｉｓｍ緑ヶ丘内,35.7334548,140.0726479
ＧｉＧＯ旭,千葉県旭市二３１５０−１,35.720454,140.6466177
タイトーステーション 旭サンモール店,千葉県旭市イ−２６７６−１　サンモール３Ｆ,35.7247845,140.6593824
シルクハット津田沼,千葉県習志野市津田沼１−２−１十三ビル地下１階,35.6903091,140.0222143
ラウンドワン習志野店,千葉県習志野市芝園１−４−５,35.6602285,140.0225056
アミュージアム茂原店,千葉県茂原市高師１６１９−１,35.43796469999999,140.2844691
館山ヤングボウル,千葉県館山市北条1564,34.9907406,139.867286
モーリーファンタジー館山,千葉県館山市八幡５４５−１　イオン館山店１Ｆ,35.0060609,139.861684
イスカンダル,千葉県木更津市潮見４−１−２,35.3688582,139.9173984
ソユーゲームフィールド木更津店,千葉県木更津市築地１−４イオンモール木更津２F,35.35842840000001,139.9027612
ゲームランド千葉ニュータウン店,千葉県印西市中央北３丁目２番イオンモール千葉ＮＴモール棟３階,35.8022113,140.1120953
パラボランド東金店,千葉県東金市東岩崎8-10サンピア3Ｆ,35.5590058,140.3644642
ＧｉＧＯイオンモール銚子,千葉県銚子市三崎町２−２６６０−１イオンモール銚子２Ｆ,35.7101017,140.7876079
八街ヤングボウル,千葉県八街市八街ほ-380番地11,35.6520986,140.3192752
プラサカプコン富津店,千葉県富津市青木1-5-1イオンモール富津内ゲームコーナー,35.3304555,139.8456088
千葉レジャーランド成東店,千葉県山武市姫島111-1,35.5883903,140.3901831
フリスポ佐原,千葉県香取市佐原イ−４２００,35.900695,140.4930372
東京レジャーランド池袋店,東京都豊島区東池袋１−２９−１サントロペ池袋２階３階,35.7305155,139.7164291
ラウンドワン池袋店,東京都豊島区東池袋１−１４−１,35.7301458,139.7151523
ｎａｍｃｏ池袋店,東京都豊島区東池袋１−２２−１０　ＨＵＭＡＸパビリオン１Ｆ,35.7296795,139.7157691
ＧｉＧＯ総本店,東京都豊島区東池袋一丁目１３番６号,35.7295271,139.7150074
タイトーステーション 池袋西口店,東京都豊島区西池袋１−１５−９第一西池ビル,35.73048259999999,139.7097213
ｎａｍｃｏ巣鴨店,東京都豊島区巣鴨１−１５−１宮田ビルB2F,35.7331611,139.7399785
ゲームＷ,東京都豊島区南長崎5-27-6,35.72902,139.6829925
タイトーステーション 秋葉原店,東京都千代田区外神田４−２−２貴三ビル,35.7002478,139.7717375
ｎａｍｃｏ秋葉原店,東京都千代田区外神田１丁目１５番９号,35.6980094,139.7724164
東京レジャーランド秋葉原店,東京都千代田区外神田1-9-5,35.6988283,139.77012
東京レジャーランド秋葉原2号店,東京都千代田区外神田4-3-3ミナミビル6F・7F,35.7006375,139.77056
ＧｉＧＯ秋葉原３号館２,東京都千代田区外神田１−１１−１１外神田１丁目ビルディング,35.6992456,139.7709552
シルクハット秋葉原,東京都千代田区外神田１丁目１０番地９号,35.698716,139.7710022
ゲームパニック秋葉原,東京都千代田区外神田1-13-1　Akihabara ex,35.6988349,139.7715938
タイトーステーション 渋谷店,東京都渋谷区渋谷１−２４−１２渋谷東映プラザ,35.6599847,139.701951
ＧｉＧＯ渋谷宮益坂,東京都渋谷区渋谷１−１４−１４ＥＳＴ１階・７階,35.6598076,139.7025971
ＧｉＧＯ新宿西口,東京都新宿区西新宿１−１２−５Ｂ１Ｆ・１Ｆ,35.689706,139.6972798
新宿スポーツランド本館,東京都新宿区新宿3-22-12,35.6929752,139.7018789
タイトー新宿南口ゲームワールド店,東京都新宿区新宿３−３５−８,35.6898541,139.7024655
タイトーステーション新宿東口店,東京都新宿区新宿３−２２−７　指田ビル,35.69321710000001,139.7014682
ゲームパニック新宿歌舞伎町,東京都新宿区歌舞伎町1-20-1　ﾋｭｰﾏｯｸｽﾊﾟﾋﾞﾘｵﾝ1階2階,35.6958769,139.7015902
ＧｉＧＯ新大久保,東京都新宿区百人町２丁目１０−１南雲ビルＢ１Ｆ,35.7017268,139.6996333
ＧｉＧＯ高田馬場,東京都新宿区高田馬場４−７−５高田馬場グランド東京,35.713063,139.703157
タイトーＢＩＧＢＯＸ高田馬場店,東京都新宿区高田馬場１−３５−３　ＢＩＧＢＯＸ６Ｆ,35.7129532,139.7042706
ＧｉＧＯ神楽坂,東京都新宿区神楽坂２−１１第２カグラヒルズ１Ｆ,35.7011257,139.7419235
シルクハット蒲田西口,東京都大田区西蒲田７−２−３第二醍醐ビル地下１階〜２階,35.5630569,139.7159104
ＧｉＧＯ大森,東京都大田区山王２−１−５大森駅ララビル２Ｆ,35.5898552,139.7283938
ＧｉＧＯ池上,東京都大田区池上６−２−３松山ビル２Ｆ,35.5725249,139.7021065
SOYU ZAURUS WORLD 大森店,東京都大田区大森北2-13-1イトーヨーカドー大森店3F,35.5865581,139.7329239
タイトーステーションＢＩＧＦＵＮ平和島店,東京都大田区平和島１丁目１−１ＢＩＧＦＵＮ平和島,35.583366,139.7402526
アドアーズ上野アメ横,東京都台東区上野４−９−１４上野Ｋ．ＫビルＢ１〜４階,35.710052,139.7742807
タイトーステーション 上野アメ横店,東京都台東区上野４−１０−１７,35.7105625,139.7744049
世田谷オークラボウル,東京都世田谷区桜３−２４−１,35.6404765,139.6386503
アミュージアムＯＳＣ店,東京都練馬区東大泉２−３４−１オズスタジオシティ２Ｆ,35.753035,139.5948542
ＧｉＧＯ船堀,東京都江戸川区船堀１ー６ー１１,35.684875,139.8639356
ＧｉＧＯ西葛西,東京都江戸川区西葛西５−１−１４第一保志ビル,35.6652933,139.8592923
キャッツアイ西葛西店,東京都江戸川区西葛西４−２−２８,35.66837659999999,139.8618354
ＧｉＧＯアリオ葛西,東京都江戸川区東葛西９−３−３イトーヨーカドー３Ｆ,35.6524547,139.8820905
ＧｉＧＯラパーク瑞江,東京都江戸川区瑞江２−１−２ドン・キホーテラパーク瑞江店４Ｆ,35.6927965,139.8967298
江戸川ヤングボウル,東京都江戸川区中央4-22-25,35.7112372,139.869438
ＧｉＧＯ調布,東京都調布市布田４丁目２ー４,35.6509849,139.5442311
アミューズランドモナコ調布駅前店,東京都調布市布田４−２−２２,35.6511922,139.5443512
アピナ荻窪店,東京都杉並区上荻１−１３−１０ハクサンビル,35.7054476,139.617777
ゲームプラザセントラル八王子店,東京都八王子市東町12-15第5セントラル,35.65802499999999,139.3381706
ドラマ八王子高倉,東京都八王子市高倉町５５‐４,35.6650798,139.3664767
シルクハット八王子,東京都八王子市旭町２−５　八王子ツインタワービル３階,35.6563805,139.3384608
アピナ八王子みなみ野店,東京都八王子市みなみ野１−２−１アクロスモール３Ｆ,35.6306542,139.3292332
ソユーゲームフィールド南大沢店,東京都八王子市南大沢２−２８−１イトーヨーカドー南大沢店２Ｆ,35.6132224,139.3794885
ＧｉＧＯイトーヨーカドー八王子,東京都八王子市狭間町１４６２番地１　ＩＹ八王子３階,35.6380448,139.293491
ＮＩＣＯＰＡ高尾店,東京都八王子市東浅川町550-1イーアス高尾2F,35.6432023,139.2891754
ハローズガーデン武蔵小金井,東京都小金井市本町６‐１４‐９ＩＹ武蔵小金井店４Ｆ,35.7001982,139.5067672
ＧｉＧＯ自由が丘,東京都目黒区自由が丘２ー１０ー９,35.6082105,139.6674911
ＧｉＧＯ赤羽,東京都北区赤羽１−７−９赤羽第一葉山ビルＢ１,35.7789342,139.7222616
ＧｉＧＯ赤羽駅前,東京都北区赤羽１−２−４,35.7783046,139.7214868
ｎａｍｃｏ王子サンスクエア店,東京都北区王子１−４−１サンスクエア２階,35.7528729,139.7384627
東京ジョイポリス,東京都港区台場1-6-1デックス東京ビーチ4F,35.6290584,139.7759965
ＧｉＧＯ町田,東京都町田市原町田６−１３ー１７アーバンミサワビルＢ１,35.543887,139.446971
タイトーステーション 町田店,東京都町田市原町田６−２１−２３　松山ビル１階,35.5427144,139.448478
ラウンドワン町田ジョルナ店,東京都町田市原町田六丁目６番１４号　町田ジョルナ３階フロア,35.5422222,139.4472222
ラウンドワン町田店,東京都町田市森野１−１３−１４,35.54393659999999,139.4431848
ＧｉＧＯ南町田グランベリーパークシアター,東京都町田市鶴間３‐４‐１　ワンダーシアター１Ｆ,35.5103964,139.4716797
タイトーステーション国分寺店,東京都国分寺市本町３−５−１１,35.7019261,139.4800417
アドアーズ中野,東京都中野区中野５−５２−１５　ブロードウェイ１８５,35.7091596,139.6660359
ｎａｍｃｏ中野店,東京都中野区中野５−５２−１５中野ブロードウェイ別館,35.7078274,139.6654575
アミューズメントゲーム　マグレブ,東京都多摩市落合１−３９−２マグレブビル１階,35.6245873,139.4256783
ＧｉＧＯヴィータモールせいせき,東京都多摩市関戸４丁目７２番地,35.6495785,139.4469976
アミューズメントスペースカプセル,東京都多摩市永山１−３−４ヒューマックスパビリオン永山B1-2F,35.6314459,139.4480325
ゲームサファリ大山,東京都板橋区大山東町60-10やすだ大山駅前店2F,35.7490262,139.702254
ＧｉＧＯ成増,東京都板橋区成増２ー１７ー２４五曠第６ビル,35.7774582,139.6312607
アピナ成増店,東京都板橋区成増二丁目２１番２号　メガドンキホーテ成増店５階,35.7781313,139.6304655
ラウンドワン板橋店,東京都板橋区相生町１６−１３,35.7765483,139.6787748
ＧｉＧＯ立川,東京都立川市柴崎町３−２−１サザンビル１・２Ｆ,35.6974909,139.4143584
タイトーステーション立川北口店,東京都立川市曙町２−４−５クリサス立川２・３Ｆ,35.6993304,139.4121299
ＷＯＲＬＤ　ＧＡＭＥ　ＣＩＲＣＵＳ,東京都立川市羽衣町２−４−１３羽衣長田ビル１０１ＷＧＣ,35.6964087,139.4287951
タイトーステーション錦糸町楽天地店,東京都墨田区江東橋４−２７−１４楽天地ビルＢ１Ｆ,35.6962542,139.8157889
タイトーＦステーションオリナス錦糸町店,東京都墨田区太平4-1-2オリナスモール地下1F,35.7010116,139.8159594
アドアーズ新小岩,東京都葛飾区新小岩１−４４−４　ＶＯＲＴ新小岩ビル,35.7162369,139.8581062
東京レジャーランド亀有店,東京都葛飾区亀有3-21-2,35.76543789999999,139.8479995
ＧｉＧＯ立石,東京都葛飾区立石７丁目３番６号リ・セブン,35.7398345,139.8492974
アドアーズ亀戸店,東京都江東区亀戸５−２−６サンエービル１〜５階,35.6989709,139.8258781
ラウンドワン南砂店,東京都江東区南砂６−７−１５トピレックプラザ４Ｆ,35.6716472,139.8359921
ラウンドワンダイバーシティ東京プラザ店,東京都江東区青海1-1-10ダイバーシティ東京プラザ6階61000,35.6247851,139.7758551
ラウンドワン吉祥寺店,東京都武蔵野市吉祥寺本町1-11-22,35.7062808,139.580766
東京レジャーランド吉祥寺店,東京都武蔵野市吉祥寺本町1-3-7　YSビル地下１階〜4階,35.703598,139.5787046
プラサカプコン吉祥寺店,東京都武蔵野市吉祥寺本町１−１０−１いなりやビル地下１階,35.7054354,139.5791269
タイトーＦステーション吉祥寺ＪＯＹ店,東京都武蔵野市吉祥寺本町１丁目８‐２３　河田ビル,35.7035147,139.5818476
ＧｉＧＯ府中,東京都府中市西原町１−６−２フレスポ府中１Ｆ・２Ｆ,35.6823376,139.4603779
ラウンドワン府中本町駅前,東京都府中市本町１−１３−３カネタビル,35.6671687,139.4773503
ＧｉＧＯ福生,東京都福生市福生１０７６−１,35.7444504,139.3244769
ウェアハウス入谷店,東京都足立区入谷７ー８ー１１,35.80114349999999,139.7610128
ウェアハウス保木間店,東京都足立区保木間１ー１ー１９,35.7891796,139.8033169
ＧｉＧＯ竹の塚,東京都足立区竹の塚６−８−６ピーくんＰｌａｚａ−ｂ,35.7947402,139.7923701
キャロム青梅店,東京都青梅市千ケ瀬町4-326-1,35.7860048,139.2699655
ウェアハウス一橋学園店,東京都小平市学園東町１丁目４番３９号平山ビル３Ｆ,35.7231857,139.4807907
ドラマ瑞穂店,東京都西多摩郡瑞穂町武蔵382-1,35.7631217,139.3566818
ユーズランド日の出店,東京都西多摩郡日の出町大字平井237-3イオンモール日の出３Ｆ,35.7348577,139.2751051
ＧｉＧＯイオンモールむさし村山,東京都武蔵村山市榎１−１−３−２０５９,35.7463582,139.3856355
ラウンドワン武蔵村山店,東京都武蔵村山市伊奈平３−１−１,35.7353587,139.3823496
タイトーステーション横浜西口五番街店,神奈川県横浜市西区南幸１−１２ー９,35.4646676,139.6196094
ラウンドワン横浜駅西口店,神奈川県横浜市西区南幸２−８−１６,35.4638816,139.6180277
ドラマ港北インター,神奈川県横浜市都筑区東方町３２１‐６,35.519153,139.5845792
イトーヨーカドーららぽーと横浜２Ｆ,神奈川県横浜市都筑区池辺町４０３５‐１,35.518894,139.5664133
ＧｉＧＯセンター南,神奈川県横浜市都筑区茅ヶ崎中央３−２５,35.5446652,139.5745528
サープラ横浜あそびタウン,神奈川県横浜市都筑区中川中央１−２５−１ＮＰモール６Ｆ,35.5520804,139.57925
ＧｉＧＯ横浜中華街,神奈川県横浜市中区山下町８０−１,35.4438529,139.6481136
シルクハット伊勢佐木町,神奈川県横浜市中区伊勢佐木町３—９６日活会館３階,35.442787,139.6299302
イミグランデ日吉店３,神奈川県横浜市港北区日吉2−2−4,35.5541397,139.6464981
ＧｉＧＯ綱島,神奈川県横浜市港北区綱島西２−６−２９,35.5364,139.6328468
ラウンドワン横浜綱島店,神奈川県横浜市港北区樽町２−６−４０Ｔ-PLATZ内,35.5327364,139.6386485
タイトーステーション戸塚西口店,神奈川県横浜市戸塚区戸塚町４０２３,35.3995324,139.5318122
ソユーゲームフィールド上大岡店,神奈川県横浜市港南区上大岡西１−１８−３　ミオカリスト館６階,35.4077804,139.5952989
ＧｉＧＯ新杉田,神奈川県横浜市磯子区杉田１−１−１らびすた新杉田２Ｆ,35.38577799999999,139.6191523
パラダイス・シティ,神奈川県横浜市旭区二俣川1-43-28,35.4650549,139.5309876
タイトーステーション 藤沢店,神奈川県藤沢市南藤沢２１−１,35.3375297,139.4876833
ドラマ藤沢,神奈川県藤沢市本藤沢５‐６‐８,35.3575453,139.4680955
ＳＯＹＵGAME　FIELD湘南店,神奈川県藤沢市辻堂新町4-1-1湘南モールＦＩＬＬ2F,35.3386494,139.4642841
楽市楽座湘南藤沢店,神奈川県藤沢市辻堂新町4-3-5ﾐｽﾀｰﾏｯｸｽ湘南藤沢SC２F,35.3412786,139.4646935
アドアーズ大和店Ａ館,神奈川県大和市大和東１−４−３大黒屋ビル１、２階,35.4705455,139.4623467
プレイランド大和鶴間,神奈川県大和市下鶴間１−３−１イトーヨーカドー大和鶴間店３Ｆ,35.49068889999999,139.4571561
ラウンドワン川崎大師店,神奈川県川崎市川崎区殿町１−５−１,35.5378736,139.7420637
プレイランド川崎,神奈川県川崎市川崎区小田栄2-2-1-3F,35.5144396,139.7088485
シルクハット川崎ダイス,神奈川県川崎市川崎区駅前本町８番地ダイスビル地下２階,35.5311654,139.7001349
タイトーステーション溝の口,神奈川県川崎市高津区溝口１−１１−８ＯＫＫＡ６３４ビル３階,35.6000905,139.6128975
イミグランデ溝口店,神奈川県川崎市高津区溝口１−１４−７　第二カスタムビル,35.6005144,139.6144809
タイトーFステーション向ヶ丘遊園店,神奈川県川崎市多摩区登戸2718-1,35.6164678,139.5650747
モーリーファンタジークロスガーデン川崎,神奈川県川崎市幸区小倉5-19-23,35.5358761,139.6670526
ＧｉＧＯ相模原,神奈川県相模原市中央区中央２−１−５,35.5735421,139.3710212
ＧｉＧＯ相模原ラクーン,神奈川県相模原市中央区小山１ー１ー１４,35.5843068,139.3621368
ＧｉＧＯイトーヨーカドー古淵,神奈川県相模原市南区古淵３−１３−３３イトーヨーカドー３Ｆ,35.5527715,139.4184916
ＧｉＧＯ相模大野,神奈川県相模原市南区相模大野３−１３−２東和ビル２Ｆ・３Ｆ,35.5321839,139.4360106
アドアーズ橋本,神奈川県相模原市緑区橋本３−３−１ＳＩＮＧビル２Ｆ,35.5945367,139.3489611
アピナ橋本店,神奈川県相模原市緑区西橋本５−１−１ラ・フロール駐車場棟１階,35.5972735,139.3373019
ＧｉＧＯアリオ橋本,神奈川県相模原市緑区大山町１−２２アリオ橋本店内２階,35.5910203,139.3497693
プラサカプコン横須賀店,神奈川県横須賀市若松町2-30モアーズシティ4F,35.2781886,139.6702489
ｎａｍｃｏコースカベイサイドストアーズ,神奈川県横須賀市本町２−１−１２　コースカベイサイド５Ｆ,35.2822922,139.6617752
アドアーズ横須賀,神奈川県横須賀市本町３−２７横須賀ＡＰＴ１階,35.281018,139.6625876
シルクハット海老名マルイ,神奈川県海老名市中央１ー６ー１海老名マルイ３階,35.4527279,139.3934008
タイトーステーション海老名ビナウォーク店,神奈川県海老名市中央１−１８−１　ビナウォーク６番館２Ｆ,35.4527003,139.3955109
ＧｉＧＯ海老名,神奈川県海老名市中央一丁目４番３１号海老名プラザビル１階,35.4515428,139.3925548
ＧｉＧＯ本厚木,神奈川県厚木市中町４−１５−９,35.4390706,139.361904
シルクハット本厚木,神奈川県厚木市中町３−４−２２第二会田ビル２階,35.4400246,139.3630288
神奈川レジャーランド厚木店,神奈川県厚木市戸室5-31-1,35.4477256,139.343118
テクモピア座間店,神奈川県座間市ひばりが丘４−１１−４８,35.48008069999999,139.4320181
シルクハット大船,神奈川県鎌倉市大船１−２４　大船駅前ビル１〜３Ｆ,35.35328,139.5325737
メルヘンランド　コーナン鎌倉大船店,神奈川県鎌倉市岡本１１８８番地１　コーナン鎌倉大船店,35.3472054,139.5168641
ｎａｍｃｏＯＳＣ湘南シティ店,神奈川県平塚市代官町３３番１号ＯＳＣ湘南シティ内,35.3284187,139.3582109
ラウンドワンららぽーと湘南平塚店,神奈川県平塚市天沼１０−１３階 ３３２８０番,35.3382781,139.3567744
ＧｉＧＯ　ＢＬｉＸ茅ヶ崎,神奈川県茅ヶ崎市新栄町１１ー８,35.331695,139.4054672
タイトーステーション 小田原店,神奈川県小田原市栄町１−３−１２,35.2549248,139.156157
ＧｉＧＯダイナシティ小田原,神奈川県小田原市中里２９６−１ダイナシティイーストモール３Ｆ,35.2817163,139.1885976
メジャーロード見附店,新潟県見附市上新田町字下野沖516番地1,37.5387741,138.8846944
タイトーＦステーション燕三条店,新潟県燕市井土巻３−１５０イオン県央店アメニティ棟１Ｆ,37.6511964,138.9349708
カプコサーカス新潟東店,新潟県新潟市東区大形本町３−１−２　ジャスコシティ新潟東,37.9247756,139.1146464
ラウンドワン新潟店,新潟県新潟市中央区美咲町２−１−３８,37.8880696,139.0177541
ＧｉＧＯ万代シテイバスセンタービル,新潟県新潟市中央区万代１丁目６番１号,37.9163632,139.0556101
ｎａｍｃｏ新潟店,新潟県新潟市中央区南笹口１−１−１　ひもろぎビル２Ｆ,37.9083877,139.0636596
メジャーロード黒埼,新潟県新潟市西区山田３３０３番地（３３０２番地）,37.8682065,139.0172924
メジャーロード白根,新潟県新潟市南区上下諏訪木論地９４８−２,37.7605271,139.0215665
モーリーファンタジーｆ新潟亀田インター,新潟県新潟市江南区下早通柳田１−１−１　イオンモール２階,37.876827,139.0800586
ハローズガーデンプラス新発田,新潟県新発田市住吉町５‐１１‐５イオンモール新発田店２Ｆ,37.9422671,139.3092025
ＨａｐｉｐｉＬａｎｄ十日町,新潟県十日町市丑７３５−１,37.2104706,138.7095042
上越レジャーランボウル,新潟県上越市下門前薬島827-2,37.1571162,138.2524671
アピナ上越インター店,新潟県上越市富岡３４３９,37.1531635,138.2561263
タイトーＦステーション上越店,新潟県上越市富岡3524 J-MAXシアター内1F,37.1486346,138.2593926
ハローズガーデン長岡,新潟県長岡市千秋２‐２７８　アピタリバーサイド千秋長岡店２Ｆ,37.4606806,138.8267392
アピナ長岡店,新潟県長岡市堺東町２２,37.4576436,138.8125922
トヤマレジャーランド呉羽店,富山県富山市高木字貝塚2054,36.7187247,137.1574044
アピナ富山豊田店,富山県富山市豊田町２丁目１２−６６,36.7210632,137.2354546
アピナ富山新庄店,富山県富山市荒川３−２−１２,36.6953184,137.2480844
富山レジャーランド掛尾店,富山県富山市掛尾町３６０−１,36.6660317,137.2088901
ＧｉＧＯマリエとやま,富山県富山市桜町１丁目１番６１号マリエとやま４Ｆ,36.700428,137.213954
タイトーステーション ファボーレ婦中店,富山県富山市婦中町下轡田１６５−１フューチャーファボーレ２F,36.6626418,137.1714773
キッズサーカス五福店,富山県富山市五福1143-1,36.6955964,137.1926901
アピナ富山南店,富山県富山市堀川町３５５−３　マイプラザ内,36.6649427,137.2172162
ユーズランド高岡店,富山県高岡市下伏間江３８３イオンモール高岡２Ｆ,36.7234858,137.0169294
ＧｉＧＯイオンモール高岡,富山県高岡市下伏間江３８３イオンモール高岡２Ｆ２００１Ａ区画,36.7234858,137.0169294
モーリーファンタジーとなみ,富山県砺波市中神１丁目１７４番地１イオンモール２Ｆ,36.6430405,136.9483511
クァトロブーム小杉,富山県射水市三ケ2602,36.7191611,137.0920557
バイパスレジャーランド藤江新館,石川県金沢市藤江南2-105,36.58376800000001,136.6206709
ＧｉＧＯアルプラザ金沢,石川県金沢市諸江町３０−１,36.5907955,136.6456614
タイトーステーション 金沢店,石川県金沢市片町２−１−７宇都宮片町ビル,36.5613496,136.6530846
ラウンドワン金沢店,石川県金沢市横川6-120-1,36.5420103,136.6259901
ＧｉＧＯイオンタウン金沢示野,石川県金沢市戸板西２−１,36.5798066,136.6159463
楽市楽座イオンモール新小松店,石川県小松市清六町３１５イオンモール新小松店２Ｆ,36.3946633,136.4680716
バイパスレジャーランド加賀店,石川県加賀市箱宮町ヲ1-1,36.3254518,136.4107038
ゲームセンターベティ,石川県七尾市舟尾町ウ-38,37.0672452,136.9070293
ＭＩＲＡＩＮＯイオンモール白山店,石川県白山市横江町５００１番地,36.5448099,136.5870862
アピナ野々市店,石川県野々市市白山町４−１イオンタウン野々市店内,36.5268485,136.6130978
フクイレジャーランドワイプラザ店,福井県福井市新保北1-303　ヤスサキワイプラザＢ棟2Ｆ,36.0870923,136.2493096
Ｌｅｔ’ｓ　ＷＡＫＵ２　エルパ,福井県福井市大和田2-1212,36.0975476,136.2500559
ＧｉＧＯ福井,福井県福井市丸山１−４１０,36.0734477,136.2430408
福井レジャーランド板垣店,福井県福井市下馬３−１０２,36.042156,136.2340353
ＧｉＧＯ武生,福井県越前市新町３−１３−４,35.905223,136.1534455
タイトーＦステーションアル・プラザ鯖江店,福井県鯖江市下河端町１６−１６−１アルプラザ鯖江アミューズ棟内,35.9693068,136.1895131
ＪＯＹＬＡＮＤ敦賀店,福井県敦賀市木崎４０ー１２,35.64470379999999,136.0432001
キッズサーカスシピィ店,福井県越前市新町７−８シピィ２階,35.9042597,136.1520859
ゲームパニック甲府,山梨県甲府市国母5-20-24,35.6417375,138.5473503
プレイタウンパル富士吉田店,山梨県富士吉田市新西原４−１２−１５,35.4830729,138.7797517
楽市楽座イオンモール甲府店,山梨県中巨摩郡昭和町飯喰１５０５−１イオンモール２０１１,35.6227823,138.5271606
プラサカプコン甲府店,山梨県中巨摩郡昭和町西条３７１７,35.6428697,138.5462942
アピナ長野大橋店,長野県長野市若里７−９−１２,36.6265347,138.2003705
アピナ長野川中島店,長野県長野市川中島町御厨９６７−１,36.5980661,138.1575431
ラウンドワン長野店,長野県長野市大字東和田８２７番地６,36.6510393,138.2254373
ソユーゲームフィールド長野店,長野県長野市三輪９−４３−２４イオンタウン長野三輪店,36.6700323,138.207808
ＰＡＬＯ諏訪,長野県諏訪市沖田町５丁目１８ステーションパーク諏訪,36.00547760000001,138.1284384
アピナ塩尻店,長野県塩尻市広丘野村１７９４−１,36.1415467,137.9537524
アピナ上田店,長野県上田市秋和３５９−１,36.4160103,138.2234278
ＧｉＧＯイオンスタイル上田,長野県上田市常田２丁目１２ー１８,36.3921441,138.257705
楽市楽座イオンモール松本店,長野県松本市中央四丁目９番５１号,36.2346896,137.9783523
アピナ松本店,長野県松本市双葉１９−１０,36.210511,137.9615091
ゲームゾーン岡谷店,長野県岡谷市中央町２−２−１イルプラザ１Ｆ,36.0601245,138.048578
ＧｉＧＯ岡谷,長野県岡谷市塚間町２−１−２１,36.0652134,138.0530142
アピナ伊那店,長野県伊那市大字西町５０９３,35.8328696,137.9499822
ｎａｍｃｏイオンモール佐久平店,長野県佐久市佐久平駅南11-10ｲｵﾝﾓｰﾙ佐久平2階,36.2755072,138.4640247
アピナ佐久インター店,長野県佐久市岩村田北１−１３−１,36.2842249,138.4827086
ＧｉＧＯ豊科,長野県安曇野市豊科南穂高１１１５,36.30309370000001,137.9224821
アピナ飯田店,長野県飯田市座光寺３７２８−１,35.5300414,137.8588454
Ａ．Ｃ．グランド,岐阜県岐阜市茜部大川1-77,35.3831208,136.7467361
ＧｉＧＯ柳津,岐阜県岐阜市柳津町上佐波西３‐６８,35.3759641,136.7145647
モーリーファンタジーｆ 岐阜,岐阜県岐阜市正木中１−２−１マーサ２１北館３Ｆ,35.4479708,136.7451141
コミ丸アリババ大垣店,岐阜県大垣市池尻町９４０−１,35.3840564,136.5956358
大垣メトロポリス,岐阜県大垣市三塚町西沼５２３−１,35.3661733,136.630715
ＧｉＧＯアクアウォーク大垣,岐阜県大垣市林町６ー８０ー２１アクアウォーク大垣２Ｆ,35.3698817,136.6172999
オリエンタルバッティング可児店,岐阜県可児市今渡６９５−１,35.4295211,137.0390051
ｎａｍｃｏイオンモール各務原インター店,岐阜県各務原市那加萱場町３−８イオンモール各務原店２Ｆ,35.3924558,136.8232036
ゲームピコ鵜沼店,岐阜県各務原市鵜沼西町３丁目３０９　イオンタウン各務原鵜沼内,35.4020467,136.9339187
アピナ各務原店,岐阜県各務原市蘇原花園町２丁目９番地１,35.4120908,136.8481124
ＧｉＧＯ高山,岐阜県高山市上岡本町７−７,36.156736,137.246673
ＭＩＲＡＩＮＯイオンモール土岐店,岐阜県土岐市土岐津町土岐口中山１３７２番１,35.3448577,137.1578986
ＧｉＧＯマーゴ関,岐阜県関市倉知５１６,35.4780085,136.9001365
岐阜レジャーランド穂積店,岐阜県瑞穂市稲里630番地,35.3842548,136.6846281
ラウンドワンモレラ岐阜店,岐阜県本巣市三橋１１００,35.4549302,136.6726281
ラウンドワン静岡・駿河店,静岡県静岡市駿河区向手越１丁目１０−１,34.9509861,138.3605406
ＧｉＧＯベイドリーム清水,静岡県静岡市清水区駒越北８−１ベイドリーム清水２Ｆ,34.9852935,138.4999525
ゲームインプリンス,静岡県静岡市清水区天神1-2-6,35.0241418,138.4797906
スーパーウェーブ静岡,静岡県静岡市清水区鳥坂８６０,35.016444,138.4362607
アップル新北街道店,静岡県静岡市葵区沓谷5-13-4,34.9983741,138.4136371
タイトーＦステーション静岡,静岡県静岡市葵区呉服町２−５−４　ふしみや第２ビル,34.9746103,138.3833555
ＧｉＧＯ静岡,静岡県静岡市葵区七間町４番地,34.9740715,138.3815167
アミューズメントパーク静岡店,静岡県静岡市葵区柚木１０２６番地３階,34.98455,138.4097366
ポート２４浜松店,静岡県浜松市中央区坪井町4183-1,34.6800545,137.6443635
プラサカプコン志都呂店,静岡県浜松市中央区志都呂２丁目３７番１号,34.6966541,137.6501306
タイトーステーション新浜松ザザシティ店,静岡県浜松市中央区鍛冶町１５サザンシティ西館２Ｆ,34.7046954,137.7293966
アピナ浜松店,静岡県浜松市中央区葵西２−２７−１０,34.7671787,137.7080678
サープラＯＺ浜松あそびタウン,静岡県浜松市中央区宮竹町３２２−１,34.722422,137.7646032
ラウンドワン浜松店,静岡県浜松市中央区天王町諏訪１９８１−１７,34.7365309,137.7711552
タイトーFSイオンモール浜松市野店,静岡県浜松市中央区天王町字諏訪１９８１−３,34.7365309,137.7711552
楽市楽座サンストリート浜北店,静岡県浜松市浜名区平口２８６１サンストリート浜北,34.7945538,137.7612476
ラウンドワン富士店,静岡県富士市八代町４−１５,35.1533785,138.6935625
モーリーファンタジーｆ富士南,静岡県富士市鮫島１１８−１０　イオンタウン富士南２Ｆ,35.1409266,138.6752
サープラ沼津あそびタウン,静岡県沼津市大手町１ー１ー５,35.1040027,138.8609659
サープラ焼津あそびタウン,静岡県焼津市八楠３—１８—５,34.8784754,138.3076995
アピナ焼津店,静岡県焼津市道原５８５,34.8335358,138.3059799
タイトーＦステーションイオンモール富士宮,静岡県富士宮市浅間町１−８　イオンモール富士宮３Ｆ,35.2205657,138.6120372
ＧｉＧＯ袋井,静岡県袋井市川井１１４２−１,34.7463183,137.911436
ＧｉＧＯ掛川,静岡県掛川市細田２４８,34.7738073,137.9854007
ＧｉＧＯサントムーン柿田川,静岡県駿東郡清水町玉川６１−２サントムーン柿田川２Ｆ,35.1099317,138.9028535
アップルグランリバー大井川店,静岡県焼津市下江留１３２７,34.8097446,138.2732929
アピナ磐田店,静岡県磐田市西貝塚横須賀道北3690イオンタウン磐田内,34.7298765,137.878129
ＧｉＧＯ春日井,愛知県春日井市岩野町４１８０,35.269536,136.9605118
スイーツ・ハートイオン春日井店,愛知県春日井市柏井町4-17,35.2371744,136.9628168
ラウンドワンイーアス春日井店,愛知県春日井市六軒屋町東丘２２テナント区画番号３０１０,35.25868639999999,136.9818541
ＡＤＸマミー出川店,愛知県春日井市不二ヶ丘１丁目５番地,35.2664587,137.012786
アピナ豊橋,愛知県豊橋市藤沢町１４１ホリデイ・スクエアＡＭ棟１階,34.7437099,137.3718841
ＧｉＧＯ豊橋飯村,愛知県豊橋市飯村町字西山２５−１２１,34.749022,137.4139156
ラウンドワン豊橋店,愛知県豊橋市大岩町字岩田２７−２,34.7236144,137.4325965
ＧｉＧＯ金山,愛知県名古屋市熱田区金山１−１９ー２,35.1426629,136.9022691
SOYU BREMEN TOWN 鳴海店,愛知県名古屋市緑区鳴海町字伝治山3-9　アピタ鳴海店2F,35.0940493,136.9592243
ゲームパニック大高,愛知県名古屋市緑区忠治山２０１番地,35.0485163,136.9496803
プラサカプコン徳重店,愛知県名古屋市緑区元徳重１丁目５０５ビルズウォーク徳重２階,35.0943115,136.999292
ラウンドワン鳴海店,愛知県名古屋市緑区鳴海町杜若２８,35.098913,136.9527831
名古屋レジャーランド内田橋店,愛知県名古屋市南区内田橋2-26-22,35.1137239,136.9098346
モーリーファンタジーf 新瑞橋,愛知県名古屋市南区菊住１丁目７−１０　イオンモール新瑞橋店３Ｆ,35.1147395,136.9349509
ゲームキングジョイ,愛知県名古屋市中区栄３‐３‐３２,35.1680528,136.9049282
タイトーステーションフェドラ大須店,愛知県名古屋市中区大須３−３０−３１,35.1595677,136.9051024
アピナ名古屋栄店,愛知県名古屋市中区錦３‐１７‐１５ドン・キホーテ栄本店Ｂ１,35.17020979999999,136.9063906
ゲームパニック大須,愛知県名古屋市中区大須3-30-93　メガタウンB1F,35.1600619,136.9053601
コムテックスクウェア,愛知県名古屋市中区金山1-16-8,35.1441094,136.8995785
ラウンドワン中川１号線店,愛知県名古屋市中川区法蔵町２−２３,35.1236237,136.8634604
ｎａｍｃｏ名古屋駅前店,愛知県名古屋市中村区椿町６−６ニッセイ名古屋西ビル別館Ｂ１,35.18145060000001,136.9065571
コムテックタワー,愛知県名古屋市中村区名駅４−１０−２０,35.1694119,136.8859814
ＧｉＧＯマーケットスクエアささしま,愛知県名古屋市中村区平池町４丁目６０番地１４号,35.161709,136.8851427
ラウンドワン千種店,愛知県名古屋市千種区新栄3-20-17タイホウ千種駅前南ビル1階,35.1680841,136.9280452
ファンタジープラザ名古屋,愛知県名古屋市北区玄馬町２３４−１ﾄﾞﾝｷﾎｰﾃ名古屋本店２階,35.2264074,136.9089928
ポート２４八事店,愛知県名古屋市昭和区広路町北石坂102番地4,35.1388928,136.9574388
楽市楽座イオンモール名古屋茶屋店,愛知県名古屋市港区西茶屋２−１１イオンモール名古屋茶屋３階,35.1036419,136.8248297
ｎａｍｃｏイオンモールナゴヤドーム前店,愛知県名古屋市東区矢田南4丁目102-3ｲｵﾝﾓｰﾙﾅｺﾞﾔﾄﾞｰﾑ前SC3F,35.1871751,136.9440943
ＧｉＧＯイオンタウン名西,愛知県名古屋市西区香呑町６−４９−１イオンタウン名西２Ｆ,35.2039992,136.8928108
バンダイナムコＣｒｏｓｓＳｔｏｒｅ名古屋,愛知県名古屋市西区二方町４０番本棟４階,35.2254187,136.8843421
アミューズメントワールドメトロポリス小牧,愛知県小牧市村中新町３３,35.2950905,136.905846
ソユープレイランドソピア安城店,愛知県安城市住吉町3-1-8イトーヨーカドー安城店2F,34.9848056,137.0831681
安城メトロポリス,愛知県安城市浜富町６−８,34.9554523,137.0970024
ＧｉＧＯ安城,愛知県安城市百石町２−３５−１３,34.9473414,137.0731726
M's PARK豊田店,愛知県豊田市寿町３−２１、２２,35.0567234,137.1404332
ＧｉＧＯ豊田,愛知県豊田市深田町１−６５−１,35.0679126,137.1236886
タイトーステーション豊田ＧＡＺＡ,愛知県豊田市喜多町１−１４０ＧＡＺＡ３階,35.0879917,137.1578415
半田メトロポリス,愛知県半田市旭町３−１１−１,34.8752869,136.9220068
ラウンドワン半田店,愛知県半田市瑞穂町６−７−８,34.8853281,136.9411501
ムー大陸西尾シャオ店,愛知県西尾市下町御城下２３−１シャオ２Ｆ,34.8678521,137.0454408
ファンタジーウエストタウン西尾,愛知県西尾市高鼻町３‐２３‐９,34.8655292,137.0561733
ＡＤＸマミー岡崎店,愛知県岡崎市井田新町６−１,34.9770158,137.1617494
ＧｉＧＯ岡崎,愛知県岡崎市上地３−５０−４,34.9113487,137.1692882
ＧｉＧＯ北岡崎,愛知県岡崎市錦町２番地４,34.9736469,137.1600516
プラサカプコン岡崎店,愛知県岡崎市戸崎町字外山３８−５イオンモール岡崎　シネコン棟,34.9378095,137.1642606
アミューズメントプラザワイド,愛知県東海市名和町二番割上16-2,35.0652415,136.9118818
ＭＩＲＡＩＮＯイオンモール豊川店,愛知県豊川市白鳥町兎足１丁目１６　イオンモール豊川３階,34.8267643,137.3536348
豊川メトロポリス,愛知県豊川市下長山町上アライ１４−１,34.8024517,137.3845784
ＧｉＧＯイオンモール木曽川,愛知県一宮市木曽川町黒田八ヶ池２５−１イオンモール木曽川３Ｆ,35.3492601,136.7737557
ＧｉＧＯ尾西,愛知県一宮市篭屋３−９−７アソビックスびさい１Ｆ,35.3091686,136.7713885
M's PARK刈谷店,愛知県刈谷市稲場町３−２０６,35.0055007,137.0014256
ＧｉＧＯイオンタウン刈谷,愛知県刈谷市東境町京和１,35.0379465,137.0265802
楽市楽座イオンモール扶桑店,愛知県丹羽郡扶桑町南山名高塚5番地イオンモール扶桑2階,35.3613913,136.9000008
ＧｉＧＯ東名ボール,愛知県瀬戸市西原町２−１１４,35.2091869,137.0628938
ＧｉＧＯギャラリエアピタ知立,愛知県知立市長篠町大山１８−１ギャラリエアピタ１Ｆ,34.9978451,137.0529792
ゲーム　アルカナ,愛知県稲沢市朝府町２−３３,35.2518633,136.7788012
プラサカプコン稲沢店,愛知県稲沢市長野７丁目１−２リーフウォーク稲沢２Ｆ,35.2611582,136.8188608
ダイナソアエイジ,愛知県大府市東新町三丁目８８番地,35.0083686,136.9624551
ソユーゲームフィールド赤池店,愛知県日進市赤池町箕ノ手１番プライムツリー赤池３階,35.10862100000001,137.0243969
ポート２４幸田店,愛知県額田郡幸田町相見沖原1-3,34.8902578,137.1630646
ＧｉＧＯ長久手,愛知県長久手市武蔵塚７０５,35.1714125,137.0454843
ユーズランド東浦店,愛知県知多郡東浦町緒川旭１３−２イオンモール東浦２Ｆ,34.9788501,136.9741412
アミュージアム津島店,愛知県津島市大字津島字北新開351番地ﾖｼﾂﾞﾔ津島本店ｼﾈﾏ館2F,35.1753908,136.7471095
楽市街道 名古屋店,愛知県北名古屋市中之郷新明４５−１,35.2398391,136.8487494
ラウンドワン名古屋西春店,愛知県北名古屋市宇福寺神明１５,35.2548954,136.8436793
ファンタジックランド西春店,愛知県北名古屋市鹿田若宮３９２６‐１０ヨシズヤ西春店５階,35.2449588,136.8719077
アミューズファクトリー常滑店,愛知県常滑市りんくう町2-20-3イオンモール常滑2F,34.8829778,136.8263207
タイトーＦステーション弥富店,愛知県弥富市五明町蒲原１３７１‐４,35.1147953,136.7188488
ｎａｍｃｏイオンモール長久手１号店,愛知県長久手市勝入塚５０１　イオンモール長久手３Ｆ,35.1733666,137.0506999
アピナ四日市店,三重県四日市市泊小柳町４−３４,34.9393917,136.6069745
ＧｉＧＯ生桑,三重県四日市市生桑町字川原崎２９９−１,34.9823221,136.6005703
ＧｉＧＯトナリエ四日市,三重県四日市市安島１丁目３番３１号トナリエ四日市５階,34.9683148,136.6166954
アミューズメントスペースコミ丸四日市店,三重県四日市市鵜の森1-3-19,34.9664147,136.6164736
ラウンドワン津・高茶屋店,三重県津市高茶屋小森町２７７−８,34.6724754,136.5193746
ＰＡＬＯ津南,三重県津市高茶屋小森町１４５番地　イオンモール津南３Ｆ,34.67100360000001,136.5179167
ＧｉＧＯ久居,三重県津市久居明神町字風早２５３４−１,34.69112,136.4705546
ＧｉＧＯ桑名,三重県桑名市江場１５７８,35.0531263,136.6824919
アピナ鈴鹿店,三重県鈴鹿市庄野羽山4-20-1イオンタウン鈴鹿2階,34.8720201,136.5270108
ｎａｍｃｏイオンモール鈴鹿店,三重県鈴鹿市庄野羽山４−１−２イオンモール鈴鹿２Ｆ,34.8717657,136.5316
アミパラ鈴鹿店,三重県鈴鹿市西条町字東澤430-1,34.8728695,136.5650229
ゲームチャオ松阪店,三重県松阪市船江町７８０,34.5886036,136.5258524
ＧｉＧＯアドバンスモール松阪,三重県松阪市田村町２３５−１,34.5557608,136.5105082
ＧｉＧＯ名張,三重県名張市希央台３番町１５,34.6234778,136.103602
ＧｉＧＯ伊勢,三重県伊勢市中須町６６６,34.49203180000001,136.6783064
モーリーファンタジー伊勢ララパーク,三重県伊勢市小木町曽弥５３８　イオンタウン伊勢ララパーク２Ｆ,34.5064944,136.7225296
アソビックスゲームワールド,三重県三重郡朝日町小向181,35.0306493,136.6727324
ラウンドワンみえ川越インターチェンジ店,三重県三重郡川越町南福崎８５１−１,35.0229633,136.6834434
ドリームキャンディ,三重県伊賀市小田町７１１−１,34.77550799999999,136.1221368
楽市楽座イオンモール東員店,三重県員弁郡東員町大字長深字築田５１０−１,35.0600912,136.5788773
ラウンドワン浜大津アーカス店,滋賀県大津市浜町２−１浜大津アーカス内,35.011,135.86683
滋賀レジャーランド大津店,滋賀県大津市におの浜３−１−４３　イオンタウンアヤハプラザ内,35.0048354,135.8832591
エースレーン堅田,滋賀県大津市今堅田２−４０−１０,35.1246379,135.919459
ＧｉＧＯエイスクエア草津,滋賀県草津市西渋川１−２３−２３エイスクエアＳＡＲＡ南館２階,35.024238,135.9597075
ACT草津ACTION,滋賀県草津市野路町1161-1,35.0086898,135.9408225
アミパラ草津店,滋賀県草津市木川町72,35.0192667,135.9424723
ゲームランド草津店,滋賀県草津市新浜町３００番地イオンモール草津３階,34.9980046,135.9123457
ｎａｍｃｏビバシティ彦根店,滋賀県彦根市竹ケ鼻町４３−１ビバシティ彦根２Ｆ,35.2443683,136.2498192
彦根パスカ,滋賀県彦根市西沼波町１６６,35.2585767,136.2654253
タイトーＦステーションイオン近江八幡店,滋賀県近江八幡市鷹飼町南３−７　１階,35.1216409,136.1030784
エースレーン近江八幡店,滋賀県近江八幡市出町７３６アクトビル１Ｆ,35.1317769,136.102218
エースレーン守山,滋賀県守山市播磨田町２３１−４ＡＣＴ守山３番館内,35.0680175,135.9957926
ふぇすたらんど守山店,滋賀県守山市播磨田町１８５番１号モリーブ守山２Ｆ,35.0667876,135.9949441
ＧｉＧＯ甲西,滋賀県湖南市夏見字二ツ橋３５６−１,34.99149269999999,136.0920984
ラウンドワン京都河原町店,京都府京都市中京区河原町通三条下ル山崎町２５０,35.00696629999999,135.7685793
アミューズメントＣＵＥ京都円町店,京都府京都市中京区西ノ京西円町４０,35.0188326,135.7311504
サープラ京都あそびタウン,京都府京都市中京区西ノ京栂尾町１０７,35.0103586,135.7412902
ラウンドワン京都伏見店,京都府京都市伏見区下鳥羽平塚町１３１,34.9360638,135.7457884
ＧｉＧＯ　ＭＯＭＯテラス京都伏見,京都府京都市伏見区桃山町山ノ下３２　ＭＯＭＯテラス別館２Ｆ,34.937092,135.794933
プレイランド京都店,京都府京都市右京区山ノ内池尻町1-1京都ファミリー3F,35.00477559999999,135.7206395
プラサカプコン京都店,京都府京都市右京区西院追分町２５−１イオンモール京都五条３Ｆ,34.997204,135.7270583
バンダイナムコＣｒｏｓｓＳｔｏｒｅ京都,京都市南区西九条鳥居口町イオンＭ京都ＳＡＫＵＲＡ館４階,34.9827278,135.7544554
楽市楽座イオンモール京都桂川店,京都府京都市南区久世高田町376-1イオンモール京都桂川店３階,34.9615212,135.7085288
パルケ上賀茂店,京都府京都市北区上賀茂西河原町１の１,35.0668385,135.7462501
あそＶＩＶＡゲームセンター,京都府福知山市字堀小字上高田２１４６−１,35.2926244,135.13594
タイトーステーション 難波店,大阪府大阪市中央区難波千日前１５−１２,34.6633552,135.5031903
ラウンドワン千日前店,大阪府大阪市中央区難波１−３−１,34.667471,135.5026564
ＧｉＧＯ大阪道頓堀本店,大阪府大阪市中央区道頓堀１丁目８番２２号道頓座ビル１〜３Ｆ,34.6684903,135.501699
ＧｉＧＯ難波アビオン,大阪府大阪市浪速区難波中２−３−１５　ＭＭＯビルＢ１Ｆ〜３Ｆ,34.6627834,135.5032155
タイトーステーション大阪日本橋店,大阪府大阪市浪速区日本橋４−９−１４,34.6603752,135.506156
ｎａｍｃｏなんばパークス店,大阪府大阪市浪速区難波中2丁目10番70号なんばﾊﾟｰｸｽ6階,34.6614333,135.5019199
ＭＦ　ＬＩＮＫＳ　ＵＭＥＤＡ,大阪府大阪市北区大深町４−８ヨドバシカメラＬＩＮＫＳ梅田店内,34.7033726,135.4942244
ＧｉＧＯ東梅田,大阪府大阪市北区堂山町９−２８,34.7031018,135.503965
ｎａｍｃｏ梅田店,大阪府大阪市北区小松原町３−３ＯＳビル２Ｆ,34.7027979,135.5002997
ラウンドワン梅田店,大阪府大阪市北区小松原町４−１６,34.70324,135.5011098
ＧｉＧＯあべのアポロ３Ｆ,大阪府大阪市阿倍野区阿倍野筋１‐５‐３１　アポロビル３Ｆ,34.6465412,135.511716
ＧｉＧＯ今福,大阪府大阪市城東区今福東１−９−３４,34.7009789,135.5574434
ラウンドワン城東放出店,大阪府大阪市城東区今福南3-4-38,34.6964235,135.5593543
楽市楽座イオンモール大阪ドーム店,大阪府大阪市西区千代崎３−１３−１,34.6676,135.4767092
ラウンドワン東淀川店,大阪府大阪市東淀川区菅原７−１４−２８,34.7428535,135.5253982
ｎａｍｃｏマグスミノエ店,大阪府大阪市住之江区泉１−１−８２マグスミノエ１Ｆ,34.6105516,135.4686277
ｎａｍｃｏイオンモール鶴見緑地店,大阪府大阪市鶴見区鶴見４−１７−１鶴見緑地４階,34.7045017,135.5663317
ＧｉＧＯ布施,大阪府東大阪市長堂１−１−１ロンモール布施内,34.664133,135.5633983
ラウンドワン東大阪店,大阪府東大阪市若江南町１−２−１２,34.6531045,135.6063939
ＧｉＧＯフレスポ東大阪,大阪府東大阪市稲田新町３−９−６４,34.6920248,135.5897484
トップラン東大阪,大阪府東大阪市東鴻池町１−６−３０イオンタウン東大阪店２Ｆ,34.693859,135.617591
ラウンドワン守口店,大阪府守口市佐太東町２−６−１４ジャガーグリーン２Ｆ,34.7560845,135.5884613
バンダイナムコＣｒｏｓｓＳｔｏｒｅ大日店,大阪府守口市大日東町１−１８イオンモール大日４Ｆ,34.749439,135.580529
関大前フタバボウル,大阪府吹田市千里山東１−７−１８,34.7727081,135.5059615
ENTERTAINMENT FIELD ららぽーとEXPOCITY店,大阪府吹田市千里万博公園２−１ららぽーとＥＸＰＯＣＩＴＹ３Ｆ,34.805489,135.5344665
トムソーヤのなかまたち岸和田店,大阪府岸和田市港緑町2-1岸和田ｶﾝｶﾝﾍﾞｲｻｲﾄﾞﾓｰﾙEAST棟2階,34.466666,135.3714511
星狩物語岸和田店,大阪府岸和田市作才町1-3-2,34.4545166,135.3850489
ラウンドワン岸和田店,大阪府岸和田市八阪町２−１１−１,34.45652949999999,135.3885667
SOYU GAME FIELD堺鉄砲町店,大阪府堺市堺区鉄砲町1番地イオンモール堺鉄砲町3F,34.5946073,135.4816946
ゲームパニック堺,大阪府堺市堺区築港八幡町1番地堺浜ｼｰｻｲﾄﾞｽﾃｰｼﾞ内堺浜ｴﾝﾀﾒ館,34.5975629,135.4474488
ラウンドワン堺駅前店,大阪府堺市堺区戎島町4-44-3,34.5834018,135.4684075
ｎａｍｃｏアリオ鳳店,大阪府堺市西区鳳南町３−１９９−１２アリオ鳳アリオモール３Ｆ,34.5245692,135.4592183
ラウンドワン堺中央環状店,大阪府堺市東区石原町２−２４１,34.5568611,135.5365392
ラウンドワン高槻店,大阪府高槻市辻子３−６−４,34.8326155,135.6300192
ゲームフェイス八尾店,大阪府八尾市天王寺屋2-68,34.6039775,135.6123431
タイトーステーション アリオ八尾店,大阪府八尾市光町２−３　イトーヨーカドーアリオ八尾３Ｆ,34.63148,135.605587
ＧｉＧＯ新三国アルゴ７,大阪府豊中市神州町１−１５,34.7387348,135.4793892
ラウンドワン豊中店,大阪府豊中市名神口１−１−１,34.7573678,135.4654339
ＧｉＧＯ枚方,大阪府枚方市須山町８３−１サンシャインプラザ枚方内,34.8199833,135.6758479
モンキートリック,大阪府寝屋川市香里南之町32-5　YNレジデンス香里2F,34.7830913,135.6287791
ＧｉＧＯビバモール寝屋川,大阪府寝屋川市寝屋南２−２２−２ビバモール寝屋川モール棟２Ｆ,34.7661111,135.6508333
ＹＡＺ寝屋川店,大阪府寝屋川市石津中町25-26,34.7802675,135.6193764
アミパラ大東店,大阪府大東市南新田２丁目３番５号,34.7010973,135.6386957
あそＶＩＶＡ阪急茨木店,大阪府茨木市永代町６−２スポーツプラザ茨木２Ｆ,34.8179449,135.576331
ＦｅｅｄｙＡ茨木,大阪府茨木市松ケ本町８−３０−５　イオンＳＣ４Ｆ,34.8091356,135.5583169
SOYUGameFieldみのおキューズモール店,大阪府箕面市西宿１−１５−３０みのおキューズモールＣ棟２階,34.8330133,135.4894015
ＧｉＧＯ和泉,大阪府和泉市肥子町２−４−４１,34.4867037,135.4180247
アミパラ光明池店,大阪府和泉市室堂町８２４−３６,34.4717247,135.4765921
ラウンドワンららぽーと和泉店,大阪府和泉市あゆみ野４−４−７　４階　４２１００番,34.4370325,135.4483352
プラサカプコン藤井寺,大阪府藤井寺市岡２丁目１０番１１号イオン藤井寺ＳＣ２Ｆ,34.5741896,135.5926774
フタバボウル泉大津店,大阪府泉大津市松之浜町１−２−５３,34.5108711,135.4156833
ソユーゲームフィールド泉南店,大阪府泉南市りんくう南浜３番１２イオンモールりんくう泉南２Ｆ,34.3808022,135.2679406
ストライクス,大阪府泉南市馬場778,34.3618937,135.2741586
タイトーFステーションりんくうシークル店,大阪府泉佐野市りんくう往来南３,34.410473,135.2983688
楽市楽座イオンモール四條畷店,大阪府四條畷市砂4-3-2イオンモール四條畷店3F,34.7461833,135.6287966
ＧｉＧＯ神戸ｕｍｉｅサウスモール,兵庫県神戸市中央区東川崎町１ー７−２ダイヤニッセイビル４Ｆ,34.6796775,135.1820785
ＧｉＧＯ三宮北口,兵庫県神戸市中央区北長狭通一丁目８番１号,34.6930291,135.1922019
タイトーＦステーション三宮西館店,兵庫県神戸市中央区三宮町２丁目１１−１センタープラザ西館,34.6911602,135.1912
遊スペース マジカル,兵庫県神戸市中央区琴ノ緒町５−２−３,34.6954823,135.1950345
ラウンドワン三宮駅前店,兵庫県神戸市中央区小野柄通6-1-17,34.6940464,135.1973143
ＧｉＧＯ神戸ｕｍｉｅモザイク,兵庫県神戸市中央区東川崎町１ー６ー１神戸モザイク３Ｆ,34.6799788,135.1846182
トップラン岩岡,兵庫県神戸市西区岩岡町古郷１４７４−１,34.7175703,134.9289806
遊スペース アローズ,兵庫県神戸市西区丸塚２丁目９−１８,34.6794989,134.9835387
ＧｉＧＯフェニックスプラザ摩耶,兵庫県神戸市灘区味泥町６−１フェニックスプラザ１Ｆ,34.7041053,135.2282792
楽市楽座イオンモール神戸北店,兵庫県神戸市北区上津台８−１−１,34.861026,135.1968387
アミパラ垂水店,兵庫県神戸市垂水区名谷町字室山１４００−１８,34.6628331,135.0724825
ラウンドワン姫路飾磨店,兵庫県姫路市飾磨区中島１−２５４,34.7945249,134.6853588
ＧｉＧＯイオンモール姫路リバーシティー,兵庫県姫路市飾磨区細江２５６０番地,34.7981195,134.6686313
タイトーＦステーション姫路,兵庫県姫路市駅前町２６９・２７０番地,34.8285555,134.6916851
ＧｉＧＯ姫路駅前,兵庫県姫路市駅前町２５４姫路ＯＳビルＢ１Ｆ,34.8288887,134.6911534
ふぇすたらんど広畑店,兵庫県姫路市広畑区吾妻町3-29-2,34.7956313,134.6201713
アピナ姫路店,兵庫県姫路市東郷町１４５４−３姫路リオス２階,34.8272921,134.7145332
ＧｉＧＯつかしん,兵庫県尼崎市塚口本町４−８−１つかしん内,34.761684,135.4186715
ラウンドワンＪＲ尼崎駅前店,兵庫県尼崎市潮江１−４−５プラストいきいき館４階,34.7334096,135.4328895
ジョイプラザ豊岡店,兵庫県豊岡市加広町７−３２コープデイズ豊岡内,35.550702,134.8164136
ＧｉＧＯ明石,兵庫県明石市魚住町清水２４６４−１,34.7206789,134.8973453
モーリーファンタジー明石店,兵庫県明石市大久保町ゆりのき通り３−３−１イオン明石３番街３Ｆ,34.679519,134.934961
タイトーＦステーションアスピア明石店,兵庫県明石市東仲ノ町６‐１　アスピア明石店南館３階,34.6480508,134.995407
ゲームアイビス太子,兵庫県揖保郡太子町太田２１４９,34.8322966,134.5999777
遊スペース　スプラ,兵庫県加古川市尾上町安田３５１−１,34.7457092,134.835563
ラウンドワン加古川店,兵庫県加古川市尾上町安田325番6号,34.7470469,134.8368792
アミパラ加古川店,兵庫県加古川市尾上町今福７１−２,34.7513102,134.8287628
ラウンドワン伊丹店,兵庫県伊丹市昆陽７丁目２９,34.7789352,135.3937267
テクモピア伊丹,兵庫県伊丹市藤ノ木１−１−１イオンモール伊丹３Ｆ,34.7814741,135.4240773
ハローズガーデン新三田,兵庫県三田市けやき台１‐６‐２イオン三田２番街,34.9083204,135.1865923
ＧｉＧＯコロワ甲子園,兵庫県西宮市甲子園高潮町３−３Ｃｒｏｗａ甲子園３Ｆ,34.7238096,135.3613172
アミューズアイランド和田山,兵庫県朝来市和田山町枚田岡774番地イオン和田山店1F,35.3294767,134.8637012
モーリーファンタジーｆ加西北条,兵庫県加西市北条町北条３０８−１イオン加西北条２Ｆ,34.9304434,134.8284749
社スポーツレーン,兵庫県加東市社1189-1,34.916126,134.9614433
ＧｉＧＯイオン淡路,兵庫県淡路市志筑新島１０ー２,34.4259919,134.9062305
ラウンドワン奈良・ミナーラ店,奈良県奈良市二条大路南１−３−１ミ・ナーラ５階,34.6850297,135.8025176
アミューズメントＣＵＥ奈良三条店,奈良県奈良市三条町478-1,34.6817258,135.8221526
キッズサーカス奈良柏木店,奈良県奈良市柏木町４５６−１,34.6716845,135.7992421
アミパラ橿原店,奈良県橿原市十市町1222-1ツインゲート橿原１F,34.5292832,135.7965551
SOYUGameField奈良橿原店,奈良県橿原市曲川町7-20-1　イオンモール橿原3F,34.5060001,135.7635119
AMパークイオンモール奈良登美ヶ丘店,奈良県生駒市鹿畑町３０２７イオンモール専門店街３階,34.7258408,135.7504697
楽市楽座　イオンモール大和郡山店,奈良県大和郡山市下三橋町741-333イオンモール大和郡山店,34.65130389999999,135.8025263
アミューズメントＣＵＥ奈良大和高田店,奈良県大和高田市東中２−１１−１６,34.4996831,135.7355952
ラウンドワン和歌山店,和歌山県和歌山市小雑賀７３９−３,34.198489,135.1859431
ピタゴラス和歌山,和歌山県和歌山市土入７３−１,34.2528626,135.145625
ユーズランド和歌山店,和歌山県和歌山市ふじと台２３番地イオンモール和歌山２Ｆ,34.2764951,135.1490504
紀ノ川ボウル,和歌山県岩出市西国分656-1,34.2642617,135.3301247
アピナ米子店,鳥取県米子市米原二丁目１３２０番地１メガドン・キホーテ３階,35.442363,133.3305651
アミパラがいな店,鳥取県米子市日ノ出町１−８−１３,35.4379138,133.3392696
ＧｉＧＯ鳥取,鳥取県鳥取市安長４１６,35.5119062,134.2105501
ＰＡＬＯ鳥取店,鳥取県鳥取市天神町1　2F,35.4939948,134.2208978
アミパラ日吉津店,鳥取県西伯郡日吉津村日吉津１１６０−１イオン日吉津モール西館2F,35.4457263,133.3864352
ＰＡＬＯ境港,鳥取県境港市竹内団地８１−３,35.5220522,133.2520614
ｙｏｕｍｅ　ＣＩＲＣＵＳ出雲店,島根県出雲市大塚町６５０−１ゆめタウン出雲店　東館３Ｆ,35.3775152,132.7552972
ＧｉＧＯ松江,島根県松江市嫁島町１２−１５,35.450085,133.0478483
アミパラ松江店,島根県松江市東朝日町２０３−１,35.4636915,133.074197
ＰＡＬＯ松江,島根県松江市東朝日町１５１　イオン松江店ＳＣ３Ｆ,35.4636846,133.0693755
ＧｉＧＯイオンモール岡山,岡山県岡山市北区下石井１−２−１イオンモール岡山６Ｆ,34.6620824,133.9177261
モーリーファンタジーｆ 岡山,岡山県岡山市北区下石井１丁目２番１号　イオンモール岡山４Ｆ,34.6620824,133.9177261
アミパラテクノランド店,岡山県岡山市北区大和町１−７−１２,34.6791815,133.9275096
岡山ヤングボウル,岡山県岡山市北区北長瀬表町3-3-20,34.6490715,133.88458
アミパラ岡山店,岡山県岡山市北区青江１丁目１３ー８,34.6362116,133.9199758
ＧｉＧＯ岡山藤崎,岡山県岡山市中区藤崎５９９−１２,34.6087754,133.9765692
ふぇすたらんど高屋店,岡山県岡山市中区高屋36-1,34.6735966,133.9605148
ラウンドワン岡山妹尾店,岡山県岡山市南区妹尾３４１３−１,34.623103,133.8696473
ふぇすたらんど平島店,岡山県岡山市東区東平島1609,34.7125277,134.0508518
ユーズランド倉敷店,岡山県倉敷市水江１番地イオンモール倉敷２Ｆ,34.6031429,133.7462133
アミパラ倉敷店,岡山県倉敷市西中新田624-1アミパラボウル1F,34.583541,133.771306
ＧｉＧＯ倉敷,岡山県倉敷市西中新田５３５−２,34.5838795,133.7699275
タイトーＦステーションマルナカ新倉敷店,岡山県倉敷市玉島爪崎９８１−１,34.562367,133.6861115
ふぇすたらんど倉敷マスカット店,岡山県倉敷市松島１１６３−２山陽マルナカマスカット店別館３Ｆ,34.6277044,133.8025077
アミパラ津山店,岡山県津山市河辺１０００−１イオンモール津山２Ｆ,35.0648702,134.0456269
ＧｉＧＯ広島本通,広島県広島市中区本通９−３０ランドマークビル１Ｆ,34.39247160000001,132.4608335
タイトーステーション広島本通店,広島県広島市中区本通３−５せらかぐ本通ビル,34.392858,132.4606109
ラウンドワン広島店,広島県広島市中区立町３−１１,34.3936679,132.4601024
タイトーステーション広島紙屋町店,広島県広島市中区紙屋町２−２−２１,34.3940529,132.4560844
ＧｉＧＯ中筋,広島県広島市安佐南区中筋４−１１−７,34.4552833,132.478819
モーリーファンタジーf広島祇園,広島県広島市安佐南区祇園３−２−１　イオン広島祇園ＳＣ３Ｆ,34.4438649,132.4614543
ふぇすたらんど五日市店,広島県広島市佐伯区八幡１−２４−１７サンリブ五日市店２Ｆ,34.3869294,132.3583276
プラサカプコン広島店,広島県広島市佐伯区石内東４丁目１−１ジアウトレット広島,34.4098818,132.3978328
楽市楽座広島店,広島県広島市南区段原南１−３−５２広島段原ＳＣ７階７００１,34.3852373,132.4753574
アミパラ広島店,広島県広島市西区西観音町3-17,34.3934982,132.4360353
ＧｉＧＯ　ＬＥＣＴ広島,広島県広島市西区扇町２‐１‐４５　ＬＥＣＴ２Ｆ,34.7040121,135.5092852
ＧｉＧＯアルパーク北棟,広島県広島市西区草津南４ー７ー１アルパーク北棟２Ｆ,34.3755512,132.3932996
ふぇすたらんど可部,広島県広島市安佐北区可部7-4-13マルナカ可部店内,34.5234507,132.5118042
ＧｉＧＯ福山,広島県福山市瀬戸町大字山北３００,34.4741447,133.3172899
あみぱらんど福山店,広島県福山市三吉町南２−８−２４,34.4883716,133.3785359
アミパラ神辺店,広島県福山市神辺町大字新道上字１−２−１,34.5437908,133.3578252
ラウンドワン福山店,広島県福山市明神町１−９−２８,34.4891429,133.3925075
ＧｉＧＯ海田,広島県安芸郡海田町南大正町３−３５,34.367655,132.5337154
ｎａｍｃｏイオンモール広島府中店,広島県安芸郡府中町大須２−１−１イオンモール広島府中３Ｆ,34.3943796,132.4993651
アミパラここじゃ店,広島県東広島市西条町下見６−１０−１９,34.41526169999999,132.7247156
ＧｉＧＯ尾道,広島県尾道市新浜１−２−１３,34.4030439,133.1861044
ＧｉＧＯ広,広島県呉市広中町１−９,34.2286015,132.6294469
ふぇすたらんど広店,広島県呉市広本町２丁目１７−１　イオン広店４Ｆ,34.2338051,132.6229956
スペースV1廿日市店,広島県廿日市市本町４−２３,34.3517541,132.3341411
ｎａｍｃｏゆめタウン廿日市店,広島県廿日市市下平良2-2-1ゆめタウン廿日市店3F,34.3460322,132.3355638
ネオブラボー,山口県防府市高倉１−３−３０,34.0549537,131.5592233
ソユーファミリーゲームフィールド防府店,山口県防府市鐘紡町７−１イオンタウン防府1F,34.048322,131.5879841
ＰＡＬＯ防府,山口県防府市中央町１−３イオン防府店３Ｆ,34.0522828,131.5696943
アミパラ下関長府店,山口県下関市長府才川１ー４２ー４８,34.0254266,131.0074603
ゆめシティ　ゆめパーク,山口県下関市伊倉新町３−１−１,34.0067176,130.9342303
タイトーＦステーション山口メルクス店,山口県山口市大字黒川８２−１ハイパーモールメルクス内,34.13648,131.4341907
サープラ山口あそびタウン,山口県山口市湯田温泉６ー８ー３,34.1647043,131.4518293
ＧｉＧＯイオンタウン小郡,山口県山口市小郡前田町３−６イオンタウン小郡内,34.0869881,131.3986398
フレスパランドカッタの湯,山口県宇部市海南町1675,33.9578337,131.262659
アレックス,山口県宇部市西宇部南３−５−５３,33.9994198,131.2200812
アミパラ周南久米店,山口県周南市大字久米２８３４　イオンタウン周南久米,34.0362933,131.8427574
ＳＰＥＥＤ,山口県周南市大字久米３２１９,34.0340358,131.8345909
アミュージアム周南店,山口県下松市中央町21-3THEMALL周南3F,34.0180365,131.8643059
アポロゲームセンター沖洲店,徳島県徳島市南沖洲１−９３,34.0650038,134.5837274
ＧｉＧＯスエヒロボウル徳島,徳島県徳島市南末広町４−９５−２,34.0612289,134.5738021
アミューズメントパフェパレパレ田宮店,徳島県徳島市南田宮２−２−４６,34.0860483,134.5426293
ラウンドワン徳島・万代店,徳島県徳島市万代町４−１９−１,34.0648378,134.5646837
タイトーステーションフジグラン北島店,徳島県板野郡北島町鯛浜字西ノ須１７４,34.1127283,134.5464183
ＰＡＬＯ小松島,徳島県小松島市小松島町字領田２０番地　ショッピングプラザルピア,34.0052734,134.5719694
えの木　高松店,香川県高松市藤塚町３丁目３−３,34.33588,134.0537325
アミパラ高松店,香川県高松市伏石町２１６８番２,34.3070192,134.0591869
アミュージアム高松店,香川県高松市伏石町2144-9,34.3077158,134.0602924
ラウンドワン高松店,香川県高松市松島町２−７−４３,34.3389147,134.0671184
ＧｉＧＯイオンモール高松,香川県高松市香西本町1-1 イオンモール高松2F　227-2,34.3520547,134.0047999
ふぇすたらんど宇多津,香川県綾歌郡宇多津町２４１９番地１号,34.2846596,133.8065949
ＦｅｅｄｙＤｉｎｅｒ＆Ａｒｃａｄｅ綾川,香川県綾歌郡綾川町萱原８２２−１　イオン綾川ＳＣ３Ｆ,34.2513381,133.9317487
ＧｉＧＯ丸亀,香川県丸亀市蓬莱町５６−１,34.2943695,133.7826404
アミパラ丸亀店,香川県丸亀市飯野町西分字川縁甲５８４−１　ハローズ棟内,34.2845292,133.8203564
マックスプラザ善通寺,香川県善通寺市中村町１７９８−２,34.2435875,133.7640052
タイトーＦステーションゆめタウン三豊店,香川県三豊市豊中町本山甲２２,34.146136,133.6988341
アミューズメントパークＭＧキスケ,愛媛県松山市宮田町４　キスケボックス内１階,33.84128010000001,132.7539691
宮西スタジアム２,愛媛県松山市宮西二丁目４の４１,33.8484954,132.7518155
アミューズメントパークＭＧ大街道,愛媛県松山市大街道１−４−１７,33.8377849,132.7698331
ＧｉＧＯ松山,愛媛県松山市枝松５−７−３２,33.8282694,132.7864246
バンバン衣山店,愛媛県松山市衣山１−２４８−１,33.8525091,132.7457498
アミパラ松山店,愛媛県松山市生石町６５５−１,33.8337874,132.744953
ラウンドワン松山店,愛媛県松山市東長戸１−３−１０,33.8664327,132.7515703
ｎａｍｃｏフジグラン今治店,愛媛県今治市東門町５−１３−１フジグラン今治店内２Ｆ,34.0616802,133.0150867
タイトーＦステーション今治ワールドプラザ,愛媛県今治市東村１の１４の２今治ワールドプラザ内,34.0432813,133.0282187
ＧｉＧＯそよら今治馬越,愛媛県今治市馬越町４ー８ー１,34.0561961,132.979816
楽市楽座イオンモール今治店,愛媛県今治市にぎわい広場1-1,34.0443674,132.962297
プラサカプコン新居浜店,愛媛県新居浜市前田町８−８イオンモール新居浜２Ｆ,33.9543472,133.2680939
ふぇすたらんど新居浜店,愛媛県新居浜市上泉町１２−１,33.936321,133.3106012
ソユーフォレストハンター松前店,愛媛県伊予郡松前町筒井８５０ＡＭ棟１階,33.7897413,132.6953894
ｎａｍｃｏフジグラン北宇和島店,愛媛県宇和島市伊吹町甲９１２番地２フジグラン北宇和島店別棟,33.2345711,132.5689515
アミパラ高知店,高知県南国市篠原１９４−１,33.5679737,133.6344573
えの木,高知県高知市旭町3丁目100-3,33.5557992,133.5061272
プラサカプコン高知,高知県高知市秦南町１−４−８イオンモール高知３Ｆ,33.5762921,133.5422951
ＧｉＧＯフジグラン高知,高知県高知市朝倉東町５２−１５フジグラン高知３Ｆ,33.5429202,133.4978771
ラウンドワン高知店,高知県高知市南宝永町４−１２,33.5578084,133.554466
ウェアハウス四万十店,高知県四万十市右山五月町８−１３アピアさつき２F,32.9872715,132.9396851
タイトーステーション福岡天神店,福岡県福岡市中央区天神２−６−３５サザンクロスビル,33.5896254,130.3972983
ＧｉＧＯ福岡天神,福岡県福岡市中央区天神２−７−６ＤＡＤＡビル,33.5900212,130.3963824
ラウンドワン福岡天神店,福岡県福岡市中央区天神２−６−１２,33.5891595,130.3970395
ＧｉＧＯミーナ天神,福岡県福岡市中央区天神４丁目３番８号　ミーナ天神７階　７０,33.5927599,130.3985129
遊遊パークフォレオ博多店,福岡県福岡市博多区東那珂１−１４−４６フォレオ博多２F,33.5741502,130.4399493
ｎａｍｃｏ博多バスターミナル店,福岡県福岡市博多区博多駅中央街２−１博多バスターミナル７階,33.5909086,130.4208495
ジーパラ博多,福岡県福岡市博多区東光寺町２丁目６番４０号ｺﾏｰｼｬﾙﾓｰﾙ博多２階,33.5768904,130.4360574
ラウンドワン博多半道橋店,福岡県福岡市博多区半道橋２−２−８,33.5840019,130.4383624
楽市楽座イオンモール福岡伊都店,福岡県福岡市西区北原1-3-1イオンモール福岡伊都SC別館,33.5774351,130.2582809
パスカランド福重店,福岡県福岡市西区拾六町１丁目７番１号ＭＥＧＡドンキ福重店３Ｆ,33.5672257,130.314842
パスカランド博多店,福岡県福岡市東区東浜１−１−１ゆめタウン博多店２階,33.6120758,130.4123996
楽市街道箱崎店,福岡県福岡市東区箱崎５丁目１番８号,33.6242656,130.4197128
Ｇ−ＳＴＡＧＥ七隈店,福岡県福岡市城南区七隈８−４−８,33.551793,130.364995
Ｇ−ＳＴＡＧＥ飯塚店,福岡県飯塚市枝国６８０−２,33.6358631,130.6760812
ＧｉＧＯゆめタウン飯塚,福岡県飯塚市菰田西３丁目６番１号,33.6326205,130.6852813
楽市楽座２１０トリアス店,福岡県糟屋郡久山町大字山田９９０,33.6528649,130.4920302
最後の５ドル,福岡県糟屋郡粕屋町大字仲原2706仲原ファミリープラザ2F,33.6091894,130.4452633
楽市楽座イオンモール福岡店,福岡県糟屋郡粕屋町大字酒殿字老ノ木１９２−１ 2F,33.5970724,130.480909
アソビクル新宮店,福岡県糟屋郡新宮町三代９９９番地１,33.7031331,130.4560237
楽市楽座210久留米店,福岡県久留米市東合川2-2-1 2階,33.3205244,130.5462539
楽市街道くるめ店,福岡県久留米市新合川2-7-10久留米アミューズメントビル内,33.3196481,130.5426771
遊道楽新合川店,福岡県久留米市新合川1丁目6-7,33.3217255,130.5410136
ふぇすたらんど久留米店,福岡県久留米市野中町1411-1,33.3031304,130.5300407
Ｇ−ｐａｌａ小倉,福岡県北九州市小倉南区上葛原1−14−1,33.8396266,130.9112743
ハイパーメッセ,福岡県北九州市小倉南区北方４−６−７,33.8391743,130.8741972
Ｇ−ＳＴＡＧＥ小倉,福岡県北九州市小倉北区浅野2-14-5あるあるCITY2階,33.8875512,130.8846773
楽市楽座砂津店,福岡県北九州市小倉北区砂津3-1-1チャチャタウン小倉B棟3F,33.8853103,130.8896998
ペップ魚町,福岡県北九州市小倉北区魚町２−４−２０,33.8839563,130.8801448
ラウンドワン小倉店,福岡県北九州市小倉北区西港町15-65,33.8973955,130.8597695
パスカランド黒崎店,福岡県北九州市八幡西区西曲里町３−１,33.8598131,130.760358
楽市楽座黒崎店,福岡県北九州市八幡西区桜ヶ丘町１−３フレスポ黒崎２階,33.8656343,130.7561627
スマイルステーション戸畑店,福岡県北九州市戸畑区汐井町２−２イオン戸畑３Ｆ,33.8962989,130.8196896
楽市楽座行橋店,福岡県行橋市西泉６−１−１,33.7173949,130.9712682
ラウンドワン大野城店,福岡県大野城市御笠川１−１８−１６,33.5464394,130.4822443
楽市楽座くりえいと宗像,福岡県宗像市くりえいと１−４−４,33.8105301,130.563587
楽市楽座イオンモール筑紫野店,福岡県筑紫野市立明寺４３４−１イオンモール筑紫野店３階,33.4810844,130.5268619
ＧｉＧＯ中間,福岡県中間市上蓮花寺３−１−１,33.8229656,130.7217751
パスカランド大牟田店,福岡県大牟田市旭町２丁目２８−１,33.0369724,130.453861
楽市楽座イオンモール大牟田店,福岡県大牟田市岬町３−４,33.0286872,130.4271288
パスカランド大川店,福岡県大川市上巻４３０−１ゆめタウン２F,33.2030213,130.3881031
ふぇすたらんど古賀店,福岡県古賀市天神2-5-1,33.7345167,130.4664319
プラサカプコン直方店,福岡県直方市湯野原２−１−１イオンモール直方２Ｆ,33.7686854,130.7498554
ふぇすたらんど田川店,福岡県田川市大字川宮1693-1,33.6496064,130.7980223
楽市楽座イオンモール福津店,福岡県福津市日蒔野６−１６−１　イオンモール福津店３Ｆ,33.75341,130.4941102
遊道楽嘉瀬店,佐賀県佐賀市嘉瀬町中原２４８８−１,33.2417664,130.2568633
ラウンドワン佐賀店,佐賀県佐賀市兵庫北４−２−１,33.2751531,130.3012098
ｎａｍｃｏモラージュ佐賀店,佐賀県佐賀市巨勢町大字牛島７３０モラージュ佐賀南館１Ｆ,33.25118260000001,130.3195505
ＧｉＧＯ武雄,佐賀県武雄市武雄町富岡１２５１７−１,33.1993446,130.0346521
パスカランド鳥栖,佐賀県鳥栖市本鳥栖町５３７−１フレスポ鳥栖店２階,33.3745577,130.5182372
ｎａｍｃｏアミュプラザ長崎新館店,長崎県長崎市尾上町１番１号　アミュプラザ長崎新館４階,32.7516252,129.8709304
G-stage浜町,長崎県長崎市浜町2-26,32.7448205,129.8775733
ＧｉＧＯみらい長崎ココウォーク,長崎県長崎市茂里町１−５５みらい長崎ココウォーク５Ｆ,32.7625341,129.8646484
アソビクル長崎戸町店,長崎県長崎市戸町４‐９‐３,32.7211129,129.8611577
アミパラ佐世保店,長崎県佐世保市大塔町１８−１５,33.1500348,129.7802826
三冠王バッティングセンター,長崎県佐世保市相浦町２６８９−１,33.1909688,129.6529738
ＧｉＧＯ諫早,長崎県諫早市小川町９０−１,32.8315697,130.0552197
Ｇ−ｐａｌａ時津,長崎県西彼杵郡時津町野田郷５９号,32.8243289,129.8477844
遊道楽時津店,長崎県西彼杵郡時津町元村郷８６３−１０,32.820102,129.8473824
ソニックワールド大村店,長崎県大村市古賀島町３８３−１,32.9272947,129.9394703
ＧｉＧＯサンスパおおむら,長崎県大村市森園町６６３−３,32.9227757,129.9379298
ファンタジーランド五島,長崎県五島市吉久木町７３１番地,32.695448,128.813703
パスカワールドグリーンランド店,熊本県荒尾市本井手１５７４−５４,32.9879202,130.4712663
パスカランド長嶺,熊本県熊本市東区長嶺西1-5-1　シュロアモール長嶺店内,32.811167,130.7619329
パスカランドはません,熊本県熊本市南区田井島1-2-1ゆめタウンはません3F,32.7717392,130.7266426
ｎａｍｃｏワンダーシティ南熊本店,熊本県熊本市中央区九品寺６−９−１,32.7875067,130.716723
サープラ下通りあそびタウン,熊本県熊本市中央区手取本町４番１２号,32.8027279,130.7094007
ＧｉＧＯアミュプラザくまもと,熊本県熊本市西区春日三丁目１５番２６号６Ｆ　６１８区画,32.7888267,130.6887611
ラウンドワン熊本店,熊本県熊本市西区春日7-25-15,32.7850734,130.6775968
ふぇすたらんど菊陽店,熊本県菊池郡菊陽町津久礼２４７２,32.8620003,130.8012184
スポラ菊陽,熊本県菊池郡菊陽町津久礼駄飼代２６１７−２,32.8609372,130.8057803
ピノキオランド玉名,熊本県玉名市亀甲字前田110カリーノ玉名店2F,32.9280771,130.5553712
ＦＥＳＴＡ山鹿店,熊本県山鹿市方保田字鳥越3468-1,33.0007268,130.7183918
ＦＥＳＴＡ人吉店,熊本県人吉市宝来町１３０７−１ＨＩＴＯＹＯＳＨＩ−ＲＥＸ内,32.2123342,130.748111
ピノキオランド本渡,熊本県天草市船之尾町279-6,32.458267,130.18822
宇土パスカワールド,熊本県宇土市善道寺町綾織９５,32.6805656,130.674017
楽市楽座小川店,熊本県宇城市小川町河江１−１,32.5976729,130.7031573
タイトーＦステーションセントポルタ大分店,大分県大分市中央町２−１−１,33.2355161,131.6060367
ＧｉＧＯ高城,大分県大分市牧１−１６１−８,33.2417447,131.63739
プラサカプコン大分店,大分県大分市公園通り西２−１パークプレイス大分２Ｆ,33.1951459,131.6563326
ラウンドワン大分店,大分県大分市萩原２−１３−１７,33.2489767,131.6402282
トライセン萩原,大分県大分市萩原４−２２７−７,33.2492391,131.6435345
ＦＥＳＴＡフリーモールわさだ店,大分県大分市大字木上字鉾手２１０２番地,33.1717378,131.5624908
タイトー アミュプラザおおいた店,大分県大分市要町１−１４アミュプラザおおいた４Ｆ,33.2331459,131.6063255
ＧｉＧＯ別府,大分県別府市餅ヶ浜町１６１−２,33.2935557,131.5044039
ＧｉＧＯ中津,大分県中津市沖代町１−２−１６,33.5915168,131.2016463
トライセン中津店,大分県中津市下池永６７−３,33.5895923,131.2110508
ユーズランド三光店,大分県中津市三光佐知1032イオンモール三光2F,33.5587408,131.1930107
Ｇ−ｐａｌａ日田,大分県日田市友田997-1,33.3254118,130.9115124
パスカランド日田店,大分県日田市大字庄手６４８番地７１イオンタウン日田店専門店棟,33.3117607,130.9222697
ＦＥＳＴＡコスモタウン佐伯店,大分県佐伯市鶴岡西町２丁目１６３番地 コスモタウン佐伯内,32.9597733,131.8678759
楽市楽座イオンモール宮崎店,宮崎県宮崎市新別府町江口８６２−１イオンモール宮崎店２Ｆ,31.9235835,131.4547435
ラウンドワン宮崎店,宮崎県宮崎市中村東３−４−６０,31.8954001,131.4177066
ＧｉＧＯアミュプラザみやざき,宮崎県宮崎市老松２丁目２番２２号アミュプラザみやざき　うみ館,31.9148991,131.4314323
ドリームランド宮崎ナナイロ,宮崎県宮崎市橘通西３−１０−３２宮崎ナナイロ西館３F,31.91608299999999,131.4227583
楽市楽座イオンモール都城駅前店,宮崎県都城市栄町４６７２−５ｲｵﾝﾓｰﾙ都城駅前店2階,31.735039,131.079956
ＧｉＧＯ延岡,宮崎県延岡市平原町５−１４９２−８,32.5504117,131.6779164
モーリーファンタジー延岡,宮崎県延岡市旭町２−２−１イオン延岡店２Ｆ,32.5723427,131.6700874
ピノキオランド日南,宮崎県日南市材木町１ＳＣ日南２Ｆ,31.5875423,131.4007228
サープラ天文館あそびタウン,鹿児島県鹿児島市千日町５ー６,31.5893948,130.5557429
ゲームセンター電撃ベイサイド,鹿児島県鹿児島市浜町2-2,31.601059,130.565115
タイトーアミュプラザ鹿児島店,鹿児島県鹿児島市中央町１−１アミュプラザ鹿児島５Ｆ,31.5845666,130.5422397
ラウンドワン鹿児島宇宿店,鹿児島県鹿児島市宇宿2-2-2,31.5446253,130.5433846
パスカランド　かのや店,鹿児島県鹿屋市白崎町４ー１　イオンかのや３Ｆ,31.3786616,130.8560953
マンガ倉庫鹿屋店,鹿児島県鹿屋市寿８丁目７１４−２,31.3872206,130.8760709
タイトーＦステーションニシムタ出水店,鹿児島県出水市六月田町３４７番地,32.1061856,130.3450366
ＡｍｕｓｅｍｅｎｔｃｉｔｙＧ−ＳＴＡ,鹿児島県薩摩川内市向田本町４９番,31.8187429,130.3056718
楽市楽座イオンタウン姶良店,鹿児島県姶良市東餅田336,31.7344185,130.6302824
ｎａｍｃｏサンエー浦添西海岸パルコシティ,沖縄県浦添市西洲３丁目１番１サンエー浦添西海岸パルコシティ３階,26.2617542,127.6981799
ＧｉＧＯ北谷,沖縄県中頭郡北谷町美浜９−８,26.31668,127.755434
ｎａｍｃｏイオンタウン読谷ＳＣ店,沖縄県中頭郡読谷村古堅７４０イオンタウン読谷ＳＣ内,26.3678259,127.7449449
楽市楽座イオンモール沖縄ライカム店,沖縄県中頭郡北中城村字沖縄ﾗｲｶﾑ1ｲｵﾝﾓｰﾙ沖縄ﾗｲｶﾑ4階,26.3137504,127.7966025
モーリーファンタジー那覇,沖縄県那覇市金城５−１０−２　イオン那覇店３F,26.1969565,127.6657676
ＧｉＧＯ那覇国際通り,沖縄県那覇市久茂地３ー３ー２０,26.2144145,127.6821469
ラウンドワン沖縄・宜野湾店,沖縄県宜野湾市真志喜３−２８−８,26.27629,127.7314089
ｎａｍｃｏイオン具志川店,沖縄県うるま市字前原幸崎原３０３イオン具志川ＳＣ内２Ｆ,26.3379183,127.8442006
ラウンドワン沖縄・南風原店,沖縄県島尻郡南風原町字兼城５５２番地,26.1952542,127.7212686
